Date,Line,Time,Day,Location,Incident,Min Delay,Min Gap,Bound,Vehicle
2021-11-01,707,02:15,Monday,RUSSELL YARD,Security,0,0,E,4426
2021-11-01,501,05:30,Monday,QUEEN AND YONGE,Security,0,0,W,8594
2021-11-01,510,06:09,Monday,LESLIE AND LAKSHORE BL,Emergency Services,0,0,S,4425
2021-11-01,501,06:23,Monday,GERRARD AND MONROE,Emergency Services,0,0,E,7947
2021-11-01,501,08:55,Monday,QUEEN AND CONNAUGHT,Security,0,0,N,8689
2021-11-01,501,13:38,Monday,KING AND TRILLER,Mechanical,0,0,E,8449
2021-11-01,506,16:52,Monday,GERRARD AND WOODBINE,Emergency Services,0,0,E,4580
2021-11-01,501,17:10,Monday,ADELAIDE AND UNIVERSIT,Security,0,0,,8648
2021-11-01,501,22:20,Monday,LAKESHORE AND BROWNS L,Mechanical,0,0,W,8491
2021-11-01,505,22:32,Monday,LANSDOWNE LOOP,Security,0,0,,4597
2021-11-01,510,23:35,Monday,SPADINA AND RICHMOND,Held By,0,0,S,4447
2021-11-01,505,23:54,Monday,PARLIAMENT AND GERRARD,Security,0,0,N,4569
2021-11-02,306,02:50,Tuesday,RONCESVALLES YARD,Security,0,0,S,4477
2021-11-02,504,04:08,Tuesday,RONCY NORTH GATE,Security,0,0,,8336
2021-11-02,501,08:43,Tuesday,BATHURST AND QUEEN,Operations,0,0,S,8402
2021-11-02,501,10:25,Tuesday,QUEEN AND CHURCH,Held By,0,0,W,8090
2021-11-02,501,15:47,Tuesday,GERRARD AND BROADVIEW,Security,0,0,W,8923
2021-11-02,501,18:06,Tuesday,QUEENSWAY AND E OF ELL,Security,0,0,E,8462
2021-11-02,505,19:14,Tuesday,DUNDAS AND PARLIAMENT,Security,0,0,E,4551
2021-11-02,501,19:17,Tuesday,GERRARD AND BROADVIEW,Operations,0,0,W,9216
2021-11-02,512,19:23,Tuesday,ST CLAIR AND LANSDOWNE,Security,0,0,W,4603
2021-11-02,504,20:05,Tuesday,DISTILLERY LOOP,Security,0,0,N,4439
2021-11-02,505,20:11,Tuesday,DUNDAS WEST STATION,Emergency Services,0,0,E,4403
2021-11-02,509,21:33,Tuesday,QUEENSQUAY LOOP,Security,0,0,,4572
2021-11-02,512,22:35,Tuesday,ST CLAIR WEST STATION,Diversion,0,0,,0
2021-11-02,506,22:55,Tuesday,BAY AND DUNDAS,Security,0,0,N,4556
2021-11-02,501,22:57,Tuesday,GERRARD AND BROADVIEW,Collision - TTC Involved,0,0,W,7965
2021-11-02,501,23:10,Tuesday,QUEEN AND YONGE (EAST,Security,0,0,E,8519
2021-11-02,504,01:05,Tuesday,KING AND RIVER,Emergency Services,0,0,E,4439
2021-11-03,501,03:38,Wednesday,QUEEN AND JONES,Emergency Services,0,0,W,8669
2021-11-03,510,05:35,Wednesday,LESLIE AND COMMISSIONE,Emergency Services,0,0,S,4420
2021-11-03,,08:29,Wednesday,RUSSELL YARD,Operations,0,0,,0
2021-11-03,504,09:26,Wednesday,CHURCH AND KING,Emergency Services,0,0,N,4592
2021-11-03,501,12:57,Wednesday,HUMBER LOOP AND QUEENS,Emergency Services,0,0,,8811
2021-11-03,501,15:10,Wednesday,GERRARD AND BROADVIEW,Operations,0,0,W,8511
2021-11-03,501,18:54,Wednesday,HUMBER LOOP,Mechanical,0,0,,8588
2021-11-03,,19:01,Wednesday,BATHURST AND HILLCREST,Collision - TTC Involved,0,0,N,735
2021-11-03,501,20:10,Wednesday,RIVER AND GERRARD,Diversion,0,0,S,8783
2021-11-03,505,20:17,Wednesday,DUNDAS AND LANSDOWNE,Operations,0,0,W,4401
2021-11-03,505,20:43,Wednesday,GERRARD AND SACKVILLE,Security,0,0,E,4567
2021-11-03,501,21:25,Wednesday,QUEEN AND SHAW (W OF),Security,0,0,E,8783
2021-11-03,501,21:43,Wednesday,QUEENSWAY AND HIGH ST,Security,0,0,E,8639
2021-11-03,509,22:12,Wednesday,CNE EASTERN LOOP,Emergency Services,0,0,,4520
2021-11-03,509,23:22,Wednesday,QUEEN'S QUAY STATION,Held By,0,0,N,4520
2021-11-03,509,00:59,Wednesday,BATHURST AND QUEEN QUA,Rail/Switches,0,0,S,4538
2021-11-04,501,04:21,Thursday,KING AND BATHURST,Emergency Services,0,0,E,7964
2021-11-04,504,07:51,Thursday,QUEEN AND CARROL,Collision - TTC Involved,0,0,E,8365
2021-11-04,501,09:44,Thursday,NEVILLE LOOP,Mechanical,0,0,,8716
2021-11-04,501,11:24,Thursday,GERRARD AND BROADVIEW,Collision - TTC Involved,0,0,W,8431
2021-11-04,504,14:09,Thursday,KING AND SUDBURY,Diversion,0,0,,0
2021-11-04,505,15:45,Thursday,PARLIAMENT AND DUNDAS,Security,0,0,N,4420
2021-11-04,505,20:26,Thursday,DUNDAS AND OSSINGTON,Diversion,0,0,W,4544
2021-11-04,509,22:00,Thursday,QUEENS QUAY LOOP,Security,0,0,,4583
2021-11-04,511,22:03,Thursday,BATHURST AND ADELAIDE,Held By,0,0,,4473
2021-11-04,505,23:54,Thursday,DUNDAS AND PALMERSTON,Emergency Services,0,0,W,4569
2021-11-04,506,00:16,Thursday,BAY AND COLLEGE,Security,0,0,S,4533
2021-11-04,511,00:53,Thursday,BATHURST AND FRONT,Held By,0,0,S,4515
2021-11-04,510,01:38,Thursday,SPADINA AND WILCOCKS,Emergency Services,0,0,N,4561
2021-11-05,301,03:57,Friday,LAKESHORE AND FORTIETH,Emergency Services,0,0,E,7940
2021-11-05,511,08:57,Friday,BATHURST AND FORT YORK,Diversion,0,0,N,4402
2021-11-05,511,09:47,Friday,BATHURST AND CARR,Diversion,0,0,,4461
2021-11-05,504,10:13,Friday,SUMACH AND EASTERN AV,General Delay,0,0,S,4541
2021-11-05,505,12:32,Friday,DUNDAS AND VICTORIA,Held By,0,0,E,4445
2021-11-05,504,14:30,Friday,DUNDAS WEST STATION,Mechanical,6,12,S,8345
2021-11-05,501,14:43,Friday,ADELAIDE AND SPADINA,Collision - TTC Involved,0,0,E,4424
2021-11-05,506,15:43,Friday,COLLEGE AND SPADINA,Operations,0,0,E,4590
2021-11-05,511,15:54,Friday,COLLEGE AND BATHURST,Diversion,23,31,N,4413
2021-11-05,501,16:23,Friday,KING AND YONGE,Collision - TTC Involved,9,18,W,4525
2021-11-05,504,16:25,Friday,KING AND YONGE,Held By,37,41,,4598
2021-11-05,504,17:28,Friday,PARLIAMENT AND DUNDAS,Operations,4,8,N,4498
2021-11-05,512,18:19,Friday,ST CLAIR AND LANSDOWNE,Mechanical,5,10,E,4587
2021-11-05,505,18:20,Friday,DUNDAS AND PARLIAMENT,Operations,8,16,W,0
2021-11-05,504,19:15,Friday,KING AND BATHURST,Collision - TTC Involved,15,19,E,4513
2021-11-05,505,20:25,Friday,DUNDAS AND SPADINA,General Delay,0,0,,0
2021-11-05,509,21:05,Friday,CNE LOOP,Emergency Services,8,16,E,4416
2021-11-05,512,21:17,Friday,ST CLAIR AND GLENHOLME,Collision - TTC Involved,40,50,W,4484
2021-11-05,504,21:19,Friday,KING AND PARLIAMENT,Security,33,43,W,4588
2021-11-05,510,21:55,Friday,SPADINA STATION,Mechanical,8,13,S,4466
2021-11-05,501,00:24,Friday,QUEEN AND TRILLER,Operations,10,20,W,7935
2021-11-05,501,00:50,Friday,QUEEN AND WOODBINE,Cleaning - Unsanitary,10,20,E,8625
2021-11-05,505,01:18,Friday,LESLIE AND COMMISSIONE,Emergency Services,0,0,,4562
2021-11-06,301,04:52,Saturday,LONGBRANCH LOOP,Emergency Services,0,0,,8023
2021-11-06,506,05:48,Saturday,RONCESSVALES YARD,Rail/Switches,405,412,E,4600
2021-11-06,506,09:13,Saturday,COLLEGE AND ST GEORGE,Diversion,11,19,W,4581
2021-11-06,504,09:51,Saturday,DUNDAS WEST STATION,Operations,5,10,W,0
2021-11-06,506,12:14,Saturday,HOWARD PARK AND RONCES,Cleaning - Unsanitary,8,16,E,4590
2021-11-06,501,12:17,Saturday,QUEEN AND UNIVERSITY,Cleaning - Unsanitary,8,16,W,9211
2021-11-06,504,13:30,Saturday,DUNDAS WEST STATION,Operations,5,10,W,8362
2021-11-06,506,13:57,Saturday,COLLEGE AND YONGE,Held By,10,18,W,4511
2021-11-06,505,16:15,Saturday,DUNDAS AND LANSDOWNE,Cleaning - Unsanitary,6,12,N,4545
2021-11-06,504,16:28,Saturday,KING AND DUFFERIN,Operations,5,10,E,1368
2021-11-06,501,18:48,Saturday,LONG BRANCH LOOP,Emergency Services,5,10,E,8923
2021-11-06,504,19:43,Saturday,DUNDAS WEST STATION,Operations,7,14,N,8186
2021-11-06,512,19:44,Saturday,KEELE AND WESTON,Held By,5,10,W,8793
2021-11-06,510,22:02,Saturday,SPADINA AND QUEEN'S QU,Cleaning - Unsanitary,6,12,N,4417
2021-11-06,,23:10,Saturday,RONCESVALLES YARD,General Delay,0,0,,0
2021-11-07,505,05:42,Sunday,DUNDAS WEST STATION,Security,10,20,W,4573
2021-11-07,501,06:04,Sunday,QUEEN AND PARLIAMNET,Mechanical,8,16,W,8513
2021-11-07,505,08:07,Sunday,DUNDAS WEST STATION,Emergency Services,10,20,E,4523
2021-11-07,504,10:38,Sunday,DUNDAS WEST STATION,Cleaning - Unsanitary,5,10,,8343
2021-11-07,506,11:04,Sunday,COLLEGE AND BAY,Operations,10,18,W,4594
2021-11-07,506,12:04,Sunday,COLLEGE AND ELIZABETH,Cleaning - Unsanitary,8,16,W,4421
2021-11-07,501,12:44,Sunday,ROYAL YORK AND LAKESHO,Mechanical,8,16,W,8534
2021-11-07,506,13:10,Sunday,MAIN AND DANFORTH,Collision - TTC Involved,30,38,S,4481
2021-11-07,501,13:32,Sunday,QUEEN AND BROADVIEW,Operations,5,10,E,8961
2021-11-07,501,13:38,Sunday,QUEENSWAY AND RONCESVA,Operations,10,20,N,8850
2021-11-07,505,13:45,Sunday,DUNDAS WEST STATION,Operations,7,14,W,4508
2021-11-07,501,13:56,Sunday,QUEEN AND RIVER,Mechanical,8,16,W,4424
2021-11-07,501,13:57,Sunday,QUEEN AND OSSINGTON,Operations,10,20,E,8408
2021-11-07,510,14:42,Sunday,SPADINA AND FRONT,Emergency Services,15,22,N,4407
2021-11-07,501,14:49,Sunday,QUEEN AND PARLIAMENT,Operations,10,20,E,8522
2021-11-07,506,15:01,Sunday,COLLEGE AND BROCK,Mechanical,9,17,E,4573
2021-11-07,510,18:13,Sunday,SPADINA AND QUEEN'S QU,Mechanical,8,16,N,4427
2021-11-07,501,18:21,Sunday,QUEEN AND SHERBOURNE,Emergency Services,5,10,E,8416
2021-11-07,505,18:42,Sunday,DUNDAS WEST STATION,Emergency Services,17,24,E,4529
2021-11-07,512,19:59,Sunday,ST CLAIR STATION,Mechanical,5,10,E,1139
2021-11-07,510,21:13,Sunday,QUEENS QUAY AND LOWER,Cleaning - Unsanitary,5,10,S,4493
2021-11-07,504,21:21,Sunday,KING AND WILSON PARK,Cleaning - Unsanitary,5,10,W,8368
2021-11-07,501,21:38,Sunday,QUEEN AND PARLIAMENT,Security,9,19,W,8422
2021-11-07,501,22:36,Sunday,QUEEN AND ADELAIDE TO,Diversion,100,119,E,9204
2021-11-07,501,23:20,Sunday,GERRARD AND ST MATTHEW,Utilized Off Route,10,20,E,8077
2021-11-07,504,23:43,Sunday,DUNDAS WEST STATION,Emergency Services,10,20,,8211
2021-11-08,506,02:07,Monday,LANSDOWNE AND COLLEGE,Emergency Services,30,60,N,4484
2021-11-08,506,10:08,Monday,COLLEGE AND DUFFERIN,Diversion,9,17,,4402
2021-11-08,511,10:09,Monday,BATHURST AND FRONT,Collision - TTC Involved,19,26,N,4491
2021-11-08,501,10:57,Monday,QUEEN AND SPADINA,General Delay,0,0,E,0
2021-11-08,510,14:53,Monday,SPADINA AND COLLEGE,Emergency Services,8,13,E,4597
2021-11-08,511,15:32,Monday,EXHIBITION LOOP,Mechanical,7,14,E,4569
2021-11-08,,15:36,Monday,RONCESVALLES YARD - TR,Overhead,0,0,,4464
2021-11-08,501,15:58,Monday,QUEEN AND SPADINA,Collision - TTC Involved,8,16,W,8645
2021-11-08,505,16:16,Monday,DUNDAS AND SPADINA,Security,8,16,W,4475
2021-11-08,501,16:19,Monday,GERRARD AND BROADVIEW,Operations,8,16,W,9234
2021-11-08,512,16:21,Monday,ST CLAIR WEST STATION,Mechanical,5,10,W,4411
2021-11-08,512,17:02,Monday,ST CLAIR STATION,Operations,5,10,E,4405
2021-11-08,504,17:51,Monday,RONCEVALLES YARD,Emergency Services,5,10,W,8173
2021-11-08,510,18:05,Monday,SPADINA AND RICHMOND,Collision - TTC Involved,68,73,S,4517
2021-11-08,505,18:31,Monday,DUNDAS AND BROADVIEW,Operations,8,16,S,4579
2021-11-08,509,19:31,Monday,EXHIBITION LOOP,Operations,7,14,E,4419
2021-11-08,505,21:13,Monday,DUNDAS AND SPADINA,Cleaning - Unsanitary,8,16,E,482
2021-11-08,501,21:31,Monday,THE QUEENSWAY AND RONC,Cleaning - Unsanitary,10,20,E,8942
2021-11-08,506,21:56,Monday,RONCESVALLES AND HOWAR,Operations,9,18,S,4490
2021-11-08,501,00:23,Monday,GERRARD AND MUNRO,Emergency Services,7,15,W,8603
2021-11-09,504,05:24,Tuesday,WILSON GARAGE,Operations,5,10,,0
2021-11-09,512,07:51,Tuesday,ST CLAIR AND AVENUE,Mechanical,18,23,W,4430
2021-11-09,501,08:18,Tuesday,125 QUEENSWAY AND HUMB,Collision - TTC Involved,8,16,E,8727
2021-11-09,504,10:39,Tuesday,KING AND YONGE,Held By,12,18,W,4537
2021-11-09,506,11:03,Tuesday,CARLTON AND PARLIAMENT,Diversion,8,16,E,4421
2021-11-09,505,11:33,Tuesday,DUNDAS AND RUSHOLME,Collision - TTC Involved,32,40,W,4603
2021-11-09,501,12:19,Tuesday,LONGBRANCH LOOP,Cleaning - Unsanitary,10,20,,8520
2021-11-09,501,12:28,Tuesday,LONGBRANCH LOOP,Cleaning - Unsanitary,10,20,E,8520
2021-11-09,506,13:11,Tuesday,GERRARD AND PARLIAMENT,Cleaning - Unsanitary,8,16,E,4480
2021-11-09,504,13:19,Tuesday,QUEEN AND DOWLING,Diversion,14,20,W,8326
2021-11-09,501,13:45,Tuesday,QUEEN AND WOODBINE,Operations,7,14,W,8703
2021-11-09,506,14:00,Tuesday,COXWELL AND LOWER GERR,Operations,20,28,W,4543
2021-11-09,512,14:05,Tuesday,ST CLAIR STATION,Operations,5,10,S,4467
2021-11-09,501,14:37,Tuesday,QUEEN AND PARLIAMENT,Operations,5,10,W,8687
2021-11-09,509,14:43,Tuesday,UNION TUNNEL,Security,9,16,E,4571
2021-11-09,509,15:45,Tuesday,QUEEN AND KING,General Delay,10,18,,0
2021-11-09,511,15:46,Tuesday,BATHURST STATION,Mechanical,60,68,,4438
2021-11-09,505,16:00,Tuesday,DUNDAS WEST STATION,General Delay,52,70,,0
2021-11-09,504,16:17,Tuesday,BROADVIEW AND GERRARD,General Delay,15,20,E,8177
2021-11-09,501,16:22,Tuesday,LAKESHORE AND PARKLAWN,Mechanical,9,18,E,8418
2021-11-09,501,16:37,Tuesday,QUEEN AND BATHURST,Collision - TTC Involved,74,83,W,8530
2021-11-09,504,16:52,Tuesday,KING AND JOHN,Held By,15,19,E,4578
2021-11-09,505,16:53,Tuesday,DUNDAS AND BROADVIEW,Operations,8,16,E,4434
2021-11-09,509,17:07,Tuesday,YORK AND QUEENS QUAY,Operations,8,16,E,4595
2021-11-09,512,17:17,Tuesday,ST CLAIR STATION,Operations,5,10,W,4533
2021-11-09,501,17:28,Tuesday,BROADVIEW STATION,Emergency Services,5,10,W,8687
2021-11-09,504,17:53,Tuesday,DUNDAS WEST STATION,Operations,5,10,S,8372
2021-11-09,501,18:20,Tuesday,BATHURST AND QUEEN,Collision - TTC Involved,15,23,N,8039
2021-11-09,511,18:25,Tuesday,BATHURST AND QUEEN,Diversion,11,19,N,4403
2021-11-09,504,19:00,Tuesday,QUEEN AND CONNAUGHT,Operations,4,8,E,4472
2021-11-09,501,19:11,Tuesday,RUSSELL YARD,Overhead,9,18,,4477
2021-11-09,504,19:27,Tuesday,KING AND SUMACH,Operations,5,10,N,4456
2021-11-09,509,22:35,Tuesday,CNE LOOP,Security,9,18,E,4571
2021-11-09,501,23:57,Tuesday,GERRARD AND MUNRO,Collision - TTC Involved,8,16,W,8815
2021-11-09,511,01:12,Tuesday,BATHURST STATION,Mechanical,9,18,S,4408
2021-11-09,504,01:35,Tuesday,QUEEN AND FULLER,Security,10,20,W,8147
2021-11-10,301,02:52,Wednesday,NEVILLE LOOP - QUEEN A,Emergency Services,0,0,E,8596
2021-11-10,504,04:43,Wednesday,WILSON GARAGE,Operations,8,16,,0
2021-11-10,504,05:24,Wednesday,WILSON GARAGE,Operations,5,10,,0
2021-11-10,301,05:52,Wednesday,NEVILLE LOOP,Emergency Services,0,0,,8745
2021-11-10,505,05:52,Wednesday,DUNDAS AND LANSDOWNE,Cleaning - Unsanitary,16,24,N,4461
2021-11-10,504,06:58,Wednesday,292 WILSON HEIGHTS BLV,Operations,5,10,E,8332
2021-11-10,504,07:26,Wednesday,KING AND BERKLEY,Mechanical,8,16,N,8172
2021-11-10,504,08:03,Wednesday,1418 KING ST W,Mechanical,5,10,E,8332
2021-11-10,504,08:55,Wednesday,KING AND SUMACH,Operations,6,12,E,8143
2021-11-10,511,09:04,Wednesday,BATHURST AND BLOOR,General Delay,11,19,S,4500
2021-11-10,506,09:22,Wednesday,COLLEGE BETWEEN DUFFER,Diversion,11,19,E,4489
2021-11-10,501,09:58,Wednesday,QUEEN AND UNIVERSITY,Mechanical,10,20,W,8673
2021-11-10,504,10:25,Wednesday,KING AND PEMBERTON,Security,6,12,E,8381
2021-11-10,510,11:56,Wednesday,SPADINA AND QUEENS QUA,Cleaning - Unsanitary,5,10,S,4505
2021-11-10,504,12:25,Wednesday,BROADVIEW STATION,Operations,5,10,,8315
2021-11-10,510,13:01,Wednesday,SPADINA STATION,Operations,9,18,,4467
2021-11-10,501,13:19,Wednesday,RUSSELL YARD,Held By,9,18,W,4514
2021-11-10,506,13:37,Wednesday,LANSDOWNE AND COLLEGE,Operations,8,16,,4421
2021-11-10,512,13:55,Wednesday,ST CLAIR WEST STATION,Operations,5,10,,4527
2021-11-10,510,14:03,Wednesday,SPADINA AND KING,Operations,10,20,S,4459
2021-11-10,504,14:30,Wednesday,KING AND YONGE,Cleaning - Unsanitary,5,10,W,4545
2021-11-10,501,15:03,Wednesday,KING AND SACKVILLE,General Delay,0,0,E,0
2021-11-10,501,15:08,Wednesday,HUMBER LOOP,Mechanical,5,10,W,7965
2021-11-10,504,15:21,Wednesday,KING AND RIVER,Mechanical,5,10,E,8313
2021-11-10,501,16:02,Wednesday,WOLSELEY LOOP,Emergency Services,5,10,W,9222
2021-11-10,512,16:30,Wednesday,UNKNOWN LOCATION,Operations,5,10,W,4476
2021-11-10,509,16:54,Wednesday,EXHIBITION LOOP,Operations,9,18,W,4563
2021-11-10,506,16:54,Wednesday,COLLEGE AND LANSDOWNE,Operations,8,17,W,4473
2021-11-10,504,17:04,Wednesday,KING AND SUDBURY,Mechanical,5,10,E,8206
2021-11-10,509,17:10,Wednesday,EXHIBITION LOOP,Operations,9,18,W,4498
2021-11-10,501,17:57,Wednesday,RONCESVALLES AND QUEEN,Mechanical,5,10,W,8925
2021-11-10,501,17:57,Wednesday,THE QUEENSWAY AND COLB,Mechanical,5,10,W,8925
2021-11-10,,18:00,Wednesday,UNKNOWN LOCATION,Cleaning - Unsanitary,5,10,E,0
2021-11-10,510,18:10,Wednesday,UNKNOWN LOCATION,Operations,10,20,N,4581
2021-11-10,504,18:49,Wednesday,DUNDAS WEST STATION,Mechanical,8,16,E,8370
2021-11-10,501,20:02,Wednesday,QUEEN AND RIVER,Held By,32,41,E,4537
2021-11-10,511,20:08,Wednesday,BATHURST AND ADELAIDE,Security,10,19,S,4582
2021-11-10,501,22:38,Wednesday,QUEEN AND JOHN,Security,15,27,E,7926
2021-11-10,505,22:42,Wednesday,BAY AND GERRARD,Held By,16,24,W,4547
2021-11-10,512,23:26,Wednesday,OAKWOOD LOOP,Security,10,20,E,4575
2021-11-10,505,23:51,Wednesday,DUNDAS AND SHERBOURNE,Cleaning - Unsanitary,9,18,E,4420
2021-11-10,504,01:28,Wednesday,KING AND PORTLAND,Diversion,79,85,W,4594
2021-11-11,304,02:42,Thursday,KING AND PORTLAND,Diversion,93,123,N,8155
2021-11-11,509,02:53,Thursday,BATHURST AND KING,Operations,0,0,E,4524
2021-11-11,505,06:04,Thursday,BROADVIEW AND DUNDAS,Operations,8,16,S,4421
2021-11-11,511,07:10,Thursday,BATHURST AND QUEEN,Operations,7,14,S,4413
2021-11-11,512,07:16,Thursday,ST CLAIR AND LANSDOWNE,General Delay,8,13,E,4596
2021-11-11,512,07:44,Thursday,ST CLAIR AND TWEEDSMUI,General Delay,15,20,W,4488
2021-11-11,510,07:48,Thursday,WOLSELY LOOP,Operations,5,9,N,4516
2021-11-11,506,08:41,Thursday,UPPER GERRARD AND COXW,Collision - TTC Involved,8,16,W,4406
2021-11-11,501,10:03,Thursday,QUEEN AND WINEVA,Diversion,120,127,B,0
2021-11-11,501,10:11,Thursday,QUEEN AND MASSEY,Security,10,20,E,8482
2021-11-11,,11:36,Thursday,RUSSELL CARHOUSE,Emergency Services,0,0,,4533
2021-11-11,504,11:36,Thursday,EDNA AND DUNDAS,Security,6,12,S,8346
2021-11-11,504,12:25,Thursday,BROADVIEW STATION,Operations,6,12,E,8189
2021-11-11,505,12:45,Thursday,DUNDAS AND DUFFERIN,Held By,13,21,E,4538
2021-11-11,512,12:47,Thursday,ST CLAIR WEST STATION,Operations,5,10,E,4575
2021-11-11,506,13:28,Thursday,GERRARD AND RHODES,General Delay,0,0,,0
2021-11-11,506,13:29,Thursday,GERRARD AND RHODES,Held By,14,22,E,4511
2021-11-11,504,14:00,Thursday,UNKNOWN,Operations,5,10,,8347
2021-11-11,504,14:30,Thursday,UNKNOWN,Operations,4,8,,8305
2021-11-11,501,14:34,Thursday,RUSSELL YARD,Operations,8,16,,4502
2021-11-11,510,15:00,Thursday,SPADINA AND COLLEGE,Diversion,12,17,,4467
2021-11-11,504,15:05,Thursday,SPRINGHURST LOOP,Cleaning - Unsanitary,4,8,W,4405
2021-11-11,504,15:08,Thursday,ENTIRE ROUTE,General Delay,12,17,,0
2021-11-11,501,15:10,Thursday,SPADINA AND CAMDEN,Emergency Services,5,10,S,8700
2021-11-11,501,15:17,Thursday,GERRARD AND MUNRO,Operations,9,18,,0
2021-11-11,510,15:50,Thursday,SPADINA AND BREMNER,Security,9,14,N,4532
2021-11-11,504,16:19,Thursday,KING AND YONGE,Investigation,7,11,E,4439
2021-11-11,505,16:25,Thursday,DUNDAS AND LANSDOWNE,Operations,8,16,,4592
2021-11-11,503,16:26,Thursday,KING AND SHERBOURNE,Diversion,13,22,E,4558
2021-11-11,501,16:28,Thursday,CHURCH AND KING,General Delay,542,49,,4548
2021-11-11,504,16:29,Thursday,CHURCH AND ADELAIDE,General Delay,4,8,N,4439
2021-11-11,501,16:35,Thursday,COMMISSONERS AND LESLI,Mechanical,9,19,,8744
2021-11-11,509,16:49,Thursday,EXHIBITION LOOP,Operations,8,16,E,4474
2021-11-11,506,16:54,Thursday,COLLEGE AND LANSDOWNE,Operations,8,16,,4576
2021-11-11,512,16:59,Thursday,ST CLAIR WEST STATION,Operations,5,10,E,4494
2021-11-11,505,17:08,Thursday,PARLIAMENT AND GERRARD,Operations,8,16,,0
2021-11-11,501,17:15,Thursday,QUEEN AND BATHURST,Collision - TTC Involved,5,10,W,8472
2021-11-11,501,17:41,Thursday,ENTIRE LINE,General Delay,20,28,,0
2021-11-11,501,18:22,Thursday,GERRARD AND ST. MATTHE,Mechanical,5,10,W,8547
2021-11-11,504,18:38,Thursday,UNKNOWN,Operations,5,10,,8382
2021-11-11,504,19:00,Thursday,BROADVIEW STATION,Utilized Off Route,5,10,E,8129
2021-11-11,504,19:18,Thursday,UNKNOWN,Operations,6,12,,0
2021-11-11,512,22:15,Thursday,ST CLAIR STATION,Operations,9,18,,4575
2021-11-11,512,22:58,Thursday,KING AND SIMCOE,Security,0,0,E,4525
2021-11-11,501,23:44,Thursday,GERRARD AND ST MATTHEW,Cleaning - Unsanitary,8,16,E,8640
2021-11-11,512,23:51,Thursday,ST CLAIR AND GUNNS,Mechanical,10,20,E,4596
2021-11-11,510,00:00,Thursday,SPADINA AND KING,Operations,5,10,,4518
2021-11-12,506,02:54,Friday,COLLEGE AND GRACE,Diversion,78,118,E,4543
2021-11-12,301,04:47,Friday,LONG BRANCH LOOP,Emergency Services,0,0,,7918
2021-11-12,501,07:52,Friday,RUSSELL YARD,Operations,7,15,,4439
2021-11-12,512,09:12,Friday,ST CLAIR WEST STATION,Operations,5,10,E,4434
2021-11-12,504,09:12,Friday,BROADVIEW STATION,Operations,5,10,,8160
2021-11-12,504,09:37,Friday,BROADVIEW STATION,Operations,5,10,N,8109
2021-11-12,506,09:58,Friday,MAIN STREET STATION,Security,0,0,,4404
2021-11-12,503,10:01,Friday,CHARLOTTE LOOP,Operations,12,20,S,4567
2021-11-12,505,10:03,Friday,DUNDAS WEST STATION,Collision - TTC Involved,8,16,,8859
2021-11-12,510,10:29,Friday,SPADINA AND KING,Mechanical,5,10,N,4465
2021-11-12,504,11:13,Friday,BROADVIEW STATION,Operations,10,15,N,8340
2021-11-12,503,11:55,Friday,KING AND YONGE,Held By,11,19,E,4567
2021-11-12,504,12:09,Friday,KING AND BATHURST,Held By,10,15,E,4527
2021-11-12,511,12:19,Friday,EXHIBITION LOOP,Operations,7,14,N,4449
2021-11-12,505,12:47,Friday,PARLIAMENT AND GERRARD,Operations,8,16,,4593
2021-11-12,506,12:48,Friday,GERRARD AND BROADVIEW,Cleaning - Unsanitary,8,16,E,4564
2021-11-12,503,13:21,Friday,QUEEN AND ALTON,Mechanical,13,21,W,4464
2021-11-12,504,13:35,Friday,QUEEN AND TRILLER,Cleaning - Unsanitary,5,10,W,8336
2021-11-12,501,13:47,Friday,ENTIRE ROUTE,General Delay,20,28,,4484
2021-11-12,501,13:50,Friday,GERRARD AND ST MATTHEW,Mechanical,5,10,,7941
2021-11-12,512,13:50,Friday,ST CLAIR WEST STATION,Operations,5,10,E,4557
2021-11-12,511,13:59,Friday,EXHIBITION LOOP,Mechanical,7,14,S,4519
2021-11-12,504,14:23,Friday,DUNDAS W STATION,Utilized Off Route,5,10,E,8304
2021-11-12,504,14:30,Friday,UNKNOWN,Operations,5,10,,8392
2021-11-12,503,14:40,Friday,QUEEN AND LESLIE,Operations,8,16,,4508
2021-11-12,511,14:43,Friday,BATHURST STATION,Emergency Services,7,14,,4538
2021-11-12,504,14:44,Friday,BROADVIEW STATION,General Delay,12,17,W,8340
2021-11-12,504,14:50,Friday,UNKNOWN,Operations,5,10,,8196
2021-11-12,504,15:00,Friday,DUNDAS WEST STATION,Utilized Off Route,5,10,,8152
2021-11-12,506,15:20,Friday,CARLTON AND JARVIS,General Delay,10,18,E,4590
2021-11-12,501,15:32,Friday,RICHMOND AND BATHURST,Emergency Services,5,10,W,8400
2021-11-12,512,16:00,Friday,ST CLAIR AND VAUGHAN,Operations,5,10,,4575
2021-11-12,504,16:08,Friday,LESLIE BARNS,Investigation,5,10,E,4561
2021-11-12,504,17:03,Friday,UNKNOWN,Operations,7,14,,8117
2021-11-12,504,17:58,Friday,UNKNOWN,Operations,5,10,,8175
2021-11-12,501,18:13,Friday,GERRARD AND BROADVIEW,Emergency Services,5,10,W,8467
2021-11-12,512,18:19,Friday,ST CLAIR AND AVENUE,Held By,11,16,W,4603
2021-11-12,509,18:23,Friday,LESLIE BARNS,Operations,7,14,,4528
2021-11-12,506,18:26,Friday,COLLEGE AND BAY,Diversion,8,16,,0
2021-11-12,505,18:42,Friday,BAY AND COLLEGE,Held By,8,16,W,4570
2021-11-12,504,19:00,Friday,UNKNOWN,Operations,5,10,,4466
2021-11-12,504,19:26,Friday,UNKNOWN,Operations,5,10,,4561
2021-11-12,504,19:26,Friday,UNKNOWN,Operations,6,12,,8340
2021-11-12,505,19:36,Friday,DUNDAS AND BATHURST,General Delay,18,8,,0
2021-11-12,512,19:37,Friday,ST CLAIR AND OAKWOOD,Security,5,10,,4533
2021-11-12,,19:56,Friday,CNE LOOP,Collision - TTC Involved,0,0,,0
2021-11-12,505,21:08,Friday,DUNDAS WEST STATION,Operations,12,20,E,4416
2021-11-12,505,22:18,Friday,BROADVIEW AND DUNDAS,Operations,8,16,,4420
2021-11-12,510,22:43,Friday,UNION STATION,Emergency Services,24,33,,4407
2021-11-12,504,23:03,Friday,DUNDAS WEST STATION,Operations,8,16,,8342
2021-11-12,504,23:33,Friday,KING AND RIVER,General Delay,22,30,,0
2021-11-12,509,00:35,Friday,UNION STATION,Held By,20,30,,4586
2021-11-12,501,00:50,Friday,CHARLOTTE ST & KING,Emergency Services,32,40,S,4457
2021-11-12,504,01:13,Friday,KING AND SPADINA,Held By,15,21,W,4561
2021-11-12,504,01:20,Friday,DISTILLERY LOOP,Operations,6,12,,4421
2021-11-12,301,01:20,Friday,QUEEN AND PETER,Mechanical,10,20,E,8424
2021-11-12,301,01:23,Friday,QUEEN AND YONGE,Utilized Off Route,7,17,E,8544
2021-11-12,504,01:51,Friday,BROADVIEW STATION,Utilized Off Route,7,16,W,8126
2021-11-13,504,06:20,Saturday,BROADVIEW STATION,Operations,6,12,W,8216
2021-11-13,512,07:55,Saturday,ST CLAIR WEST STATION,Operations,5,10,,0
2021-11-13,504,08:15,Saturday,DUNDAS WEST STATION,Operations,7,14,,0
2021-11-13,501,09:09,Saturday,QUEEN AND OSSINGTON,Operations,8,16,E,7922
2021-11-13,501,10:30,Saturday,BROADVIEW AND MT STEPH,Operations,8,16,E,8929
2021-11-13,504,10:47,Saturday,DUNDAS WEST STATION,Operations,7,14,,8388
2021-11-13,506,10:55,Saturday,COLLEGE AND DUFFERIN,Operations,8,16,W,4526
2021-11-13,505,11:19,Saturday,LANSDOWNE AND COLLEGE,Emergency Services,8,15,N,4596
2021-11-13,506,11:39,Saturday,LANSDOWNE AND COLLEGE,Emergency Services,8,16,N,4543
2021-11-13,501,11:44,Saturday,QUEEN AND NEVILLE PK,Mechanical,8,16,E,8960
2021-11-13,512,11:45,Saturday,ST CLAIR AND VAUGHAN,Held By,5,10,E,4417
2021-11-13,504,11:58,Saturday,DUNDAS WEST STATION,Mechanical,3,12,,8381
2021-11-13,510,12:42,Saturday,SPADINA STATION,Operations,4,7,N,4481
2021-11-13,504,13:15,Saturday,BROADVIEW STATION,Operations,6,12,N,1399
2021-11-13,501,14:25,Saturday,QUEEN AND LESLIE,Operations,5,10,E,8669
2021-11-13,504,15:04,Saturday,DUNDAS WEST STATION,Mechanical,5,10,E,1387
2021-11-13,501,15:38,Saturday,RUSSEL YARD - SPARE TR,Emergency Services,5,10,E,4484
2021-11-13,512,15:47,Saturday,ST CLAIR WEST STATION,Operations,5,10,E,4539
2021-11-13,501,16:23,Saturday,GERRARD AND ST MATTHEW,Operations,10,20,W,7934
2021-11-13,501,16:33,Saturday,QUEENSWAY AND ELLIS,Operations,10,20,W,8817
2021-11-13,512,17:06,Saturday,ST CLAIR AND OAKWOOD,Mechanical,5,10,W,4566
2021-11-13,504,18:08,Saturday,BROADVIEW STATION,Operations,5,10,N,4541
2021-11-13,504,18:18,Saturday,DUNDAS WEST STATION,Operations,5,10,E,4551
2021-11-13,511,18:45,Saturday,BATHURST STATION,Operations,8,16,S,4503
2021-11-13,501,18:52,Saturday,QUEEN AND PARLIAMENT,Operations,5,10,N,4540
2021-11-13,512,19:08,Saturday,ST CLAIR STATION,Operations,9,18,W,4555
2021-11-13,511,19:57,Saturday,BATHURST AND QUEEN,Security,8,16,N,4544
2021-11-13,509,20:01,Saturday,LESLIE AND COMMISIONER,Emergency Services,0,0,S,4507
2021-11-13,504,20:06,Saturday,DUNDAS WEST STATION,Operations,9,12,E,4584
2021-11-13,512,20:09,Saturday,GUNNS LOOP,Cleaning - Unsanitary,8,16,E,4469
2021-11-13,505,20:21,Saturday,DUNDAS AND BROADVIEW,Operations,9,17,W,4596
2021-11-13,506,20:27,Saturday,COLLEGE AND BATHURST,Mechanical,8,16,E,4552
2021-11-13,504,22:13,Saturday,BROADVIEW STATION,Operations,6,12,E,8115
2021-11-13,555,23:20,Saturday,RONCESVALLES YARD,Emergency Services,0,0,,0
2021-11-13,505,00:00,Saturday,DUNDAS AND BROADVIEW,Operations,7,14,E,4593
2021-11-13,504,00:02,Saturday,DISTILLERY LOOP,Operations,6,12,W,4477
2021-11-14,510,02:11,Sunday,SPADINA STATION,Operations,11,26,S,4575
2021-11-14,504,02:15,Sunday,DUNDAS WEST STATION,Emergency Services,15,24,S,8170
2021-11-14,301,02:40,Sunday,QUEEN AND PARLIAMENT,Cleaning - Unsanitary,30,60,E,8687
2021-11-14,301,05:24,Sunday,LONG BRANCH LOOP,General Delay,8,16,E,8849
2021-11-14,,05:54,Sunday,MOUNT DENNIS DIVISION,Emergency Services,0,0,,0
2021-11-14,,06:18,Sunday,BATHURST AND WELLINGTO,Held By,10,0,,0
2021-11-14,506,06:49,Sunday,COLLEGE AND LANSDOWNE,Emergency Services,8,16,,4534
2021-11-14,511,07:50,Sunday,BATHURST AND NIAGARA,Held By,27,34,N,4593
2021-11-14,512,07:53,Sunday,ST CLAIR AND BATHURST,Mechanical,6,12,W,4587
2021-11-14,504,08:49,Sunday,RIVER AND KING,Mechanical,8,16,N,8120
2021-11-14,509,09:18,Sunday,CNE LOOP,Security,9,18,E,4454
2021-11-14,501,10:05,Sunday,GERRARD AND MONROE,Mechanical,8,16,W,8538
2021-11-14,501,10:09,Sunday,GERRARD AND ST MATTHEW,Mechanical,8,16,W,8538
2021-11-14,510,10:34,Sunday,SPADINA STATION,Security,36,40,,4599
2021-11-14,504,10:47,Sunday,BROADVIEW STATION,Operations,8,16,S,0
2021-11-14,504,10:47,Sunday,BROADVIEW STATION,Operations,8,16,S,0
2021-11-14,512,11:12,Sunday,ST CLAIR AND LANSDOWNE,Operations,6,12,W,4531
2021-11-14,504,11:18,Sunday,RONCESVALLES AND GRENA,Collision - TTC Involved,50,56,S,1389
2021-11-14,501,11:58,Sunday,QUEEN AND RONCESVALLES,Operations,8,16,W,8041
2021-11-14,501,12:00,Sunday,LONG BRANCH LOOP,Operations,9,18,W,8462
2021-11-14,501,12:00,Sunday,QUEEN AND SUMACH,Operations,9,18,E,8529
2021-11-14,501,12:00,Sunday,QUEEN AND SUMACH,Operations,9,18,E,8935
2021-11-14,501,12:00,Sunday,GERRARD AND MUNRO,Operations,9,18,W,8624
2021-11-14,505,12:40,Sunday,DUNDAS WEST STATION,Emergency Services,46,53,W,4559
2021-11-14,506,13:13,Sunday,COLLEGE AND BATHURST,Operations,10,18,E,4512
2021-11-14,504,14:00,Sunday,BROADVIEW STATION,Operations,6,12,S,8135
2021-11-14,504,14:13,Sunday,DISTILLERY LOOP,Operations,5,10,N,4498
2021-11-14,504,14:36,Sunday,DUNDAS WEST STATION,Operations,6,12,S,8115
2021-11-14,511,14:47,Sunday,BATHURST AND QUEEN,Cleaning - Unsanitary,7,14,N,4554
2021-11-14,512,16:02,Sunday,ST CLAIR AND AVENUE,Operations,8,14,E,4526
2021-11-14,504,16:13,Sunday,QUEEN AND LANSDOWNE,General Delay,5,10,W,8210
2021-11-14,504,16:25,Sunday,BROADVIEW STATION,Cleaning - Unsanitary,5,10,S,8151
2021-11-14,512,17:03,Sunday,ST CLAIR AND OLD WESTO,Emergency Services,124,127,E,4565
2021-11-14,504,17:26,Sunday,KING AND BATHURST,Cleaning - Unsanitary,5,10,N,4502
2021-11-14,504,17:36,Sunday,BROADVIEW STATION,Cleaning - Unsanitary,5,10,W,8108
2021-11-14,504,18:50,Sunday,KING AND SUMACH,Operations,5,10,W,8162
2021-11-14,501,19:27,Sunday,QUEEN AND SHERBOURNE,Collision - TTC Involved,9,18,E,8473
2021-11-14,506,19:28,Sunday,MAIN STREET STATION,Emergency Services,8,16,W,4512
2021-11-14,504,19:40,Sunday,BROADVIEW STATION,Operations,5,10,N,8175
2021-11-14,510,20:17,Sunday,SPADINA AND QUEEN'S QU,Mechanical,5,10,N,4458
2021-11-14,505,20:23,Sunday,DUNDAS AND RIVER,Diversion,83,93,W,4591
2021-11-14,501,20:33,Sunday,GERRARD AND MATTHEWS,Utilized Off Route,9,18,E,8601
2021-11-14,511,20:46,Sunday,BATHURST AND KING,Emergency Services,8,16,S,4470
2021-11-14,501,20:54,Sunday,PARLIAMENT AND QUEEN,Security,5,14,S,4548
2021-11-14,504,21:17,Sunday,KING AND PORTLAND,General Delay,25,31,W,4498
2021-11-14,504,22:24,Sunday,DUNDAS WEST STATION,Operations,10,20,E,8395
2021-11-14,504,22:39,Sunday,BROADVIEW AND GERRARD,Utilized Off Route,8,16,,8173
2021-11-14,501,22:56,Sunday,QUEEN AND GREENWOOD,Cleaning - Unsanitary,11,20,W,4548
2021-11-14,504,23:12,Sunday,PRINCES GATE LOOP,General Delay,10,20,W,8340
2021-11-14,504,23:55,Sunday,KING AND SUMACH,Held By,8,14,E,4425
2021-11-14,505,00:31,Sunday,DUNDAS WEST STATION,Emergency Services,8,16,W,4532
2021-11-14,504,00:32,Sunday,PRINCESS GATE LOOP,Operations,10,20,W,8395
2021-11-14,511,01:44,Sunday,EXHIBITION LOOP,Emergency Services,0,10,,4503
2021-11-15,504,05:16,Monday,WILSON GARAGE,Operations,5,10,,0
2021-11-15,501,06:03,Monday,RUSSELL DIVISION,Operations,8,16,,4435
2021-11-15,504,06:50,Monday,RONCESVALLES YARD,Operations,5,10,S,8379
2021-11-15,505,08:19,Monday,DUNDAS AND BROCK (E OF,Mechanical,13,21,E,4529
2021-11-15,503,09:06,Monday,QUEEN AND WOODFIELD,Operations,8,16,E,4461
2021-11-15,504,09:20,Monday,DUNDAS WEST STATION,Collision - TTC Involved,5,10,W,8337
2021-11-15,505,11:10,Monday,DUNDAS AND BELLWOODS,Collision - TTC Involved,16,24,W,4451
2021-11-15,512,11:23,Monday,ST CLAIR AND DEER PARK,Collision - TTC Involved,6,12,W,4426
2021-11-15,503,11:25,Monday,KING AND SHERBOURNE,Operations,8,16,N,4591
2021-11-15,510,12:19,Monday,SPADINA STATION,Operations,10,20,S,4583
2021-11-15,504,12:25,Monday,DUNDAS WEST STATION,Operations,5,10,S,8120
2021-11-15,503,12:26,Monday,QUEEN AND CONNAUGHT,Operations,8,16,E,4447
2021-11-15,501,13:42,Monday,QUEEN AND WOODBINE,Operations,9,18,E,8686
2021-11-15,512,14:29,Monday,GUNN'S LOOP,Cleaning - Unsanitary,5,10,E,4494
2021-11-15,505,14:35,Monday,PARLIAMENT AND GERRARD,Operations,8,16,S,4491
2021-11-15,506,14:41,Monday,COLLEGE AND LANSDOWNE,Operations,8,16,W,4534
2021-11-15,501,14:57,Monday,KIPLING AND LAKESHORE,Operations,5,10,W,8805
2021-11-15,512,15:30,Monday,ST CLAIR AND CHRISTIE,Held By,10,15,W,4492
2021-11-15,501,15:38,Monday,QUEEN AND DUFFERIN,Operations,5,10,N,8597
2021-11-15,505,16:27,Monday,DUNDAS AND YONGE,Mechanical,13,21,W,4428
2021-11-15,501,17:38,Monday,QUEEN AND COXWELL,Operations,9,18,,8786
2021-11-15,506,18:00,Monday,COLLEGE AND LANSDOWNE,Operations,9,17,W,4543
2021-11-15,505,18:30,Monday,BROADVIEW AND DUNDAS,Operations,8,16,W,4505
2021-11-15,511,19:16,Monday,BATHURST AND KING,Operations,8,16,,4434
2021-11-15,509,19:23,Monday,EXHIBITION LOOP,Operations,8,16,E,4532
2021-11-15,510,19:42,Monday,SPADINA AND BREMNER,Cleaning - Unsanitary,5,10,N,4567
2021-11-15,510,20:42,Monday,SPADINA STATION,Mechanical,5,10,S,4403
2021-11-15,505,22:13,Monday,DUNDAS AND SHERBOURNE,Emergency Services,8,17,E,4468
2021-11-15,501,22:46,Monday,WARDEN AND CATARAQUI,Held By,0,0,N,8624
2021-11-15,509,01:01,Monday,QUEENS QUAY E OF BATHU,Security,9,18,W,4527
2021-11-15,509,01:35,Monday,EXHIBITION LOOP,Security,9,18,W,4534
2021-11-16,504,02:33,Tuesday,WOLSELEY LOOP,Emergency Services,6,12,,4561
2021-11-16,510,05:18,Tuesday,DAVENPORT AND BATHURST,Mechanical,0,0,W,1264
2021-11-16,,06:00,Tuesday,TORONTO TRANSIT COMMIS,General Delay,0,0,,0
2021-11-16,505,06:07,Tuesday,DUNDAS AND UNIVERSITY,Mechanical,9,18,E,4529
2021-11-16,,09:20,Tuesday,RUSSELL CAR HOUSE,Operations,0,0,,0
2021-11-16,506,09:32,Tuesday,BROADVIEW AND GERRARD,Operations,8,16,,4490
2021-11-16,512,09:33,Tuesday,ST CLAIR AND RUSSELL H,Operations,5,10,W,4454
2021-11-16,512,09:50,Tuesday,EARLSCOURT LOOP,Mechanical,5,10,N,4556
2021-11-16,501,12:05,Tuesday,GERRARD AND ST MATTHEW,Collision - TTC Involved,10,20,W,8038
2021-11-16,501,12:06,Tuesday,GERRARD AND BROADVIEW,Operations,8,16,,8548
2021-11-16,506,12:07,Tuesday,GERRARD AND BROADVIEW,Diversion,0,0,W,0
2021-11-16,509,12:07,Tuesday,EXHIBITION LOOP,Operations,10,18,E,4518
2021-11-16,501,12:11,Tuesday,EXHIBITION LOOP,Operations,7,14,E,4563
2021-11-16,504,12:59,Tuesday,QUEEN AND CAROLL,Emergency Services,5,10,W,8104
2021-11-16,503,13:05,Tuesday,QUEEN AND LESLIE,Operations,8,16,,4596
2021-11-16,501,13:09,Tuesday,BATHURST AND RICHMOND,Collision - TTC Involved,5,10,S,9214
2021-11-16,506,13:59,Tuesday,COLLEGE AND SPADINA,Collision - TTC Involved,7,14,E,4431
2021-11-16,504,14:39,Tuesday,WILSON GARAGE,Operations,5,10,,0
2021-11-16,505,14:52,Tuesday,DUNDAS AND GEORGE,Security,10,81,W,4462
2021-11-16,501,14:56,Tuesday,BATHURST AND RICHMOND,Collision - TTC Involved,5,10,W,8607
2021-11-16,506,15:12,Tuesday,GERRARD AND BROADVIEW,Operations,7,14,,4430
2021-11-16,501,15:24,Tuesday,QUEEN AND COXWELL,Operations,9,18,,8707
2021-11-16,505,15:25,Tuesday,GERRARD AND RIVER,General Delay,10,8,,0
2021-11-16,501,15:57,Tuesday,LAKESHORE AND PARK LAW,Operations,5,10,W,8675
2021-11-16,512,16:12,Tuesday,ST CLAIR AND GUNNS,General Delay,10,15,W,4602
2021-11-16,501,16:34,Tuesday,QUEEN AND SUMACH,Operations,9,18,N,8767
2021-11-16,506,16:57,Tuesday,HIGH PARK LOOP,Collision - TTC Involved,173,181,S,4559
2021-11-16,501,17:01,Tuesday,QUEEN AND SHERBOURNE,Operations,5,10,E,7951
2021-11-16,510,17:10,Tuesday,SPADINA STATION,Operations,10,20,S,4405
2021-11-16,505,18:20,Tuesday,DUNDAS AND BROADVIEW,Operations,8,16,,4462
2021-11-16,512,18:35,Tuesday,GUNNS LOOP,Cleaning - Unsanitary,5,10,E,4419
2021-11-16,501,19:00,Tuesday,HUMBER LOOP AND QUEENS,Operations,5,10,,8038
2021-11-16,512,19:14,Tuesday,ST CLAIR STATION,Operations,5,10,N,4535
2021-11-16,501,19:52,Tuesday,HUMBER LOOP,Cleaning - Unsanitary,5,10,,8790
2021-11-16,511,19:55,Tuesday,BATHURST STATION,Operations,8,16,,4579
2021-11-16,501,20:03,Tuesday,THE QUEENSWAY AT SOUTH,Utilized Off Route,5,10,E,8600
2021-11-16,505,20:16,Tuesday,BROADVIEW AND DUNDAS,Operations,8,16,,4517
2021-11-16,510,21:12,Tuesday,SPADINA STATION,Mechanical,10,20,N,4566
2021-11-16,509,21:14,Tuesday,FLEET LOOP,Emergency Services,8,16,W,4461
2021-11-16,512,21:29,Tuesday,ST CLAIR STATION,Mechanical,10,20,E,4565
2021-11-16,501,21:51,Tuesday,QUEEN AND PARLIAMENT,Diversion,128,138,E,4414
2021-11-16,501,23:00,Tuesday,GERRARD AND MATTHEWS,Utilized Off Route,3,6,E,8548
2021-11-16,509,23:30,Tuesday,FLEET AND BATHURST,Operations,154,163,E,4420
2021-11-16,509,23:30,Tuesday,BATHURST AND LAKESHORE,Diversion,126,135,N,4533
2021-11-16,511,23:32,Tuesday,BATHURST AND KING,Investigation,122,130,S,4410
2021-11-16,504,23:41,Tuesday,KING AND ALTANTIC,Mechanical,5,10,E,8391
2021-11-16,505,00:20,Tuesday,DUNDAS AND CHURCH,Security,7,16,W,4592
2021-11-16,504,00:36,Tuesday,KING AND RIVER,Security,6,12,E,4546
2021-11-16,505,00:50,Tuesday,DUNDAS AND SHERBOURNE,Cleaning - Unsanitary,9,19,W,4470
2021-11-16,501,01:05,Tuesday,BROADVIEW AND MOUNT ST,Utilized Off Route,7,14,E,8766
2021-11-16,504,01:31,Tuesday,STRACHAN AND FLEET,Security,5,10,E,8360
2021-11-16,504,01:33,Tuesday,PRINCESS GATE ( CANADA,Security,5,10,,8360
2021-11-17,301,02:26,Wednesday,NEVILLE LOOP,Operations,24,48,,8743
2021-11-17,504,04:13,Wednesday,WILSON GARAGE,Operations,10,20,,0
2021-11-17,504,04:43,Wednesday,WILSON DIVISION,Operations,10,20,,0
2021-11-17,301,04:54,Wednesday,KING AND DUFFERIN,Emergency Services,25,40,W,8775
2021-11-17,504,05:41,Wednesday,DUNDAS WEST STATION,Operations,4,8,,0
2021-11-17,506,05:50,Wednesday,CARLTON ROUTE,Operations,8,16,,0
2021-11-17,504,06:35,Wednesday,318 BROADVIEW AVE,Utilized Off Route,5,10,S,8140
2021-11-17,501,07:39,Wednesday,KING AND JARVIS,Collision - TTC Involved,8,16,W,4540
2021-11-17,505,07:46,Wednesday,GERRARD AND PARLIAMENT,Cleaning - Unsanitary,8,16,E,4501
2021-11-17,512,08:10,Wednesday,ST CLAIR WEST STATION,Emergency Services,14,19,,4519
2021-11-17,501,09:11,Wednesday,KING AND PETER,Collision - TTC Involved,17,26,E,4402
2021-11-17,504,09:11,Wednesday,300 KING STREET WEST,Held By,21,28,E,4585
2021-11-17,503,09:12,Wednesday,KING AND SHERBOURNE,Held By,17,25,W,4427
2021-11-17,504,09:50,Wednesday,BROADVIEW STATION,Operations,5,10,W,8103
2021-11-17,506,11:24,Wednesday,COLLEGE AND RUSHOLME,Mechanical,10,16,E,4531
2021-11-17,505,11:26,Wednesday,DUNDAS WEST STATION,Emergency Services,0,0,,0
2021-11-17,504,12:53,Wednesday,DUNDAS WEST STATION,Operations,5,10,N,8376
2021-11-17,506,13:03,Wednesday,COXWELL AND GERRARD,Mechanical,23,29,S,4531
2021-11-17,501,13:07,Wednesday,HUBBARD PARK AND GERRA,Operations,5,10,E,8827
2021-11-17,501,13:40,Wednesday,QUEEN AND BAY,Security,5,10,W,8093
2021-11-17,510,14:20,Wednesday,QUEEN'S QUAY FERRY DOC,Emergency Services,23,30,N,4587
2021-11-17,509,14:23,Wednesday,QUEEN'S QUAY AND HARBO,Held By,23,31,E,4475
2021-11-17,501,14:56,Wednesday,QUEEN AND RIVER,General Delay,0,0,E,4481
2021-11-17,505,15:06,Wednesday,DUNDAS AND YONGE,General Delay,18,8,,0
2021-11-17,501,15:11,Wednesday,QUEEN AND LESLIE,Operations,9,18,W,8634
2021-11-17,510,15:28,Wednesday,SPADINA AND KING,Operations,7,14,S,4550
2021-11-17,501,15:34,Wednesday,GERRARD AND BROADVIEW,Mechanical,5,10,W,8926
2021-11-17,501,15:40,Wednesday,QUEEN AND DUFFERIN,Operations,5,10,W,8514
2021-11-17,506,16:57,Wednesday,CARLTON AND CHURCH,Emergency Services,8,17,W,4577
2021-11-17,501,17:02,Wednesday,GERRARD AND ST MATTHEW,Utilized Off Route,5,10,W,8742
2021-11-17,505,17:15,Wednesday,DUNDAS AND BROADVIEW,Operations,8,16,W,4558
2021-11-17,501,17:58,Wednesday,GERRARD AND ST MATTHEW,Cleaning - Unsanitary,5,10,W,8825
2021-11-17,501,18:00,Wednesday,DUFFERIN AND KING,Security,5,10,S,8756
2021-11-17,512,18:13,Wednesday,ST CLAIR WEST STATION,Operations,5,10,W,4496
2021-11-17,501,18:16,Wednesday,LAKESHORE AND THIRTY-S,Cleaning - Unsanitary,5,10,W,8538
2021-11-17,506,18:26,Wednesday,PARLIAMENT AND GERRARD,Collision - TTC Involved,8,17,N,4595
2021-11-17,501,18:36,Wednesday,GERRARD AND BROADVIEW,Operations,5,10,E,7967
2021-11-17,505,18:36,Wednesday,DUNDAS AND LANSDOWNE,Operations,8,16,E,4551
2021-11-17,505,18:42,Wednesday,DUNDAS AND BROADVIEW,Operations,8,16,W,4542
2021-11-17,511,18:46,Wednesday,BATHURST AND KING,Operations,8,16,N,4462
2021-11-17,505,18:49,Wednesday,DUNDAS WEST STATION,Security,20,28,W,4576
2021-11-17,511,19:41,Wednesday,BATHURST AND KING,Operations,9,18,S,4538
2021-11-17,511,21:16,Wednesday,BATHURST STATION,Rail/Switches,17,25,N,4486
2021-11-17,501,21:18,Wednesday,COMMISSIONERS AND CHER,Operations,9,18,W,8692
2021-11-17,512,21:47,Wednesday,ST CLAIR AND BATHURST,Held By,5,10,W,4461
2021-11-17,505,23:43,Wednesday,DUNDAS WEST STATION,Emergency Services,9,18,W,4576
2021-11-17,506,01:08,Wednesday,MAIN STREET STATION,Emergency Services,9,18,W,4523
2021-11-17,501,01:40,Wednesday,LAKESHORE AND FORTIETH,Security,7,18,W,8486
2021-11-18,504,05:17,Thursday,WILSON GARAGE,Operations,6,12,,0
2021-11-18,504,05:41,Thursday,WILSON GARAGE,Operations,6,12,,0
2021-11-18,501,05:44,Thursday,WINDEMERE NORTH OF LAK,Diversion,98,108,W,8091
2021-11-18,501,05:56,Thursday,BROADVIEW AND GERRARD,Operations,16,31,W,0
2021-11-18,505,06:04,Thursday,DUNDAS AND YONGE,Security,6,14,W,4473
2021-11-18,501,06:07,Thursday,BROADVIEW AND GERRARD,Operations,10,18,W,0
2021-11-18,511,06:27,Thursday,BATHURST ROUTE,Operations,7,14,,4469
2021-11-18,511,07:34,Thursday,KING AND CHURCH,Operations,8,16,W,4469
2021-11-18,501,08:15,Thursday,BROADVIEW AND GERRARD,Mechanical,8,16,W,7975
2021-11-18,505,08:21,Thursday,DUNDAS AND REGION PARK,Security,0,0,W,0
2021-11-18,504,09:07,Thursday,BROADVIEW STATION,Operations,6,12,N,8163
2021-11-18,501,09:12,Thursday,QUEEN AND RONCESVALLES,Operations,8,16,W,0
2021-11-18,504,09:15,Thursday,BROADVIEW AND DUNDAS,Operations,6,12,S,8215
2021-11-18,501,09:44,Thursday,BROADVIEW AND GERRARD,Operations,8,16,W,0
2021-11-18,501,09:53,Thursday,BROADVIEW AND GERRARD,Operations,10,20,E,0
2021-11-18,501,10:05,Thursday,RUSSELL YARD,Operations,8,16,E,0
2021-11-18,505,10:15,Thursday,DUNDAS AND SHERBOURNE,Diversion,126,134,,0
2021-11-18,501,10:19,Thursday,QUEEN AND RONCESVALLES,Operations,10,20,W,0
2021-11-18,503,10:25,Thursday,QUEEN AND WOODFIELD,Held By,20,28,N,4496
2021-11-18,504,10:47,Thursday,DUNDAS WEST STATION,Utilized Off Route,5,10,E,8203
2021-11-18,555,10:59,Thursday,RUSSELL YARD,Collision - TTC Involved,0,0,,0
2021-11-18,501,11:00,Thursday,184 ONTARIO ST,Utilized Off Route,8,16,W,8599
2021-11-18,501,11:03,Thursday,RUSSELL YARD,Held By,25,33,W,4468
2021-11-18,501,12:56,Thursday,QUEEN AND RONCESVALLES,Operations,10,20,E,0
2021-11-18,501,13:29,Thursday,QUEEN AND PALMERSTON,Operations,5,10,,8786
2021-11-18,501,14:03,Thursday,QUEEN AND SILVERBIRCH,Operations,9,18,W,8805
2021-11-18,504,14:23,Thursday,KING AND BATHURST,Operations,5,10,E,4454
2021-11-18,501,15:10,Thursday,GERRARD AND ST MATTHEW,Operations,5,10,E,8091
2021-11-18,501,15:20,Thursday,QUEEN AND JARVIS,Security,5,10,E,8599
2021-11-18,501,15:41,Thursday,NEVILLE PARK LOOP,Operations,9,18,W,8757
2021-11-18,510,15:50,Thursday,QUEENS QUAY LOOP,Mechanical,7,14,,4544
2021-11-18,511,16:03,Thursday,BATHURST STATION,Cleaning - Unsanitary,8,16,W,4405
2021-11-18,501,16:07,Thursday,KING AND CHARLOTTE,Held By,26,35,,4540
2021-11-18,505,16:11,Thursday,PARLIAMENT AND N OF QU,Security,8,16,S,4503
2021-11-18,503,16:20,Thursday,CHAROLOTTE AND KING,Security,11,19,S,4539
2021-11-18,555,17:27,Thursday,QUEEN AND PALMERSTON,Collision - TTC Involved,0,0,W,0
2021-11-18,506,18:25,Thursday,HOWARD PARK AND RONCES,Operations,8,17,,4456
2021-11-18,504,21:20,Thursday,KING AND UNIVERSITY,General Delay,15,21,E,4541
2021-11-18,501,22:05,Thursday,QUEEN AND CONNAUGHT,Operations,0,0,,0
2021-11-18,510,22:24,Thursday,KING AND UNIVERSITY,Collision - TTC Involved,9,18,E,4548
2021-11-18,504,22:25,Thursday,KING AND UNIVERSITY,Diversion,18,24,E,4526
2021-11-18,501,22:28,Thursday,KING AND YORK,Diversion,17,27,E,4545
2021-11-18,504,22:37,Thursday,KING AND YORK,Held By,12,18,W,4572
2021-11-18,512,23:12,Thursday,ST CLAIR AND BATHURST,Diversion,60,70,B,4593
2021-11-18,509,00:23,Thursday,QUEEN'S QUAY FERRY DOC,Mechanical,9,18,W,4461
2021-11-18,510,01:19,Thursday,SPADINA AND KING,Operations,9,18,S,4591
2021-11-18,555,01:25,Thursday,LESLIE AND COMMISSIONE,Emergency Services,0,0,S,4596
2021-11-19,301,02:08,Friday,LAKE SHORE AND PARK LA,Security,3,13,W,8829
2021-11-19,501,02:48,Friday,KIPLING AND LAKE SHORE,Cleaning - Unsanitary,15,25,W,8723
2021-11-19,301,03:09,Friday,QUEEN AND WINEVA,Collision - TTC Involved,204,234,E,8773
2021-11-19,501,05:31,Friday,QUEEN AND RONCESVALLES,Operations,9,15,W,0
2021-11-19,506,05:42,Friday,DUNDAS AND SORAUREN,Operations,8,16,E,4470
2021-11-19,503,06:05,Friday,QUEEN AND VANCOUVER,Operations,34,42,E,4518
2021-11-19,504,06:10,Friday,RUSSELL CAR HOUSE,Operations,4,8,,0
2021-11-19,501,06:14,Friday,QUEEN AND BROADVIEW,Held By,21,29,E,4474
2021-11-19,511,07:09,Friday,BATHURST STATION,Cleaning - Unsanitary,8,16,N,4573
2021-11-19,504,08:08,Friday,KING AND STRACHAN,Mechanical,3,6,E,8373
2021-11-19,506,08:55,Friday,COLLEGE AND SPADINA,Cleaning - Unsanitary,8,16,W,8474
2021-11-19,501,09:12,Friday,QUEEN AND RONCESVALLES,Operations,10,20,E,0
2021-11-19,503,09:12,Friday,QUEEN AND WOODFIELD,Operations,8,16,,4480
2021-11-19,501,09:15,Friday,QUEEN AND WOODFIELD,Operations,8,15,W,0
2021-11-19,501,09:43,Friday,BROADVIEW AND GERRARD,Operations,10,20,E,0
2021-11-19,504,10:09,Friday,KING AND SUMACH,Operations,6,12,W,4565
2021-11-19,501,11:24,Friday,LESLIE AND COMMISSIONE,Mechanical,10,18,E,8817
2021-11-19,512,11:40,Friday,ST CLAIR WEST STATION,Emergency Services,5,10,W,4525
2021-11-19,512,12:00,Friday,ST CLAIR AND EARLSCOUR,Collision - TTC Involved,46,56,E,4590
2021-11-19,509,12:22,Friday,EXHIBITION LOOP,Operations,8,16,,4550
2021-11-19,504,12:45,Friday,DUNDAS WEST STATION,Operations,5,10,S,8141
2021-11-19,501,12:56,Friday,QUEEN AND RONCESVALLES,Operations,9,15,E,0
2021-11-19,504,13:10,Friday,BROADVIEW STATION,Operations,5,10,,8370
2021-11-19,501,13:14,Friday,JOE SHUSTER AND DUFFER,Security,5,10,E,8928
2021-11-19,504,13:15,Friday,DUNDAS WEST STATION,Operations,5,10,,8174
2021-11-19,504,13:20,Friday,BROADVIEW STATION,Operations,5,10,,8181
2021-11-19,511,13:21,Friday,BATHURST AND ROBINSON,Operations,7,14,,4534
2021-11-19,501,13:22,Friday,RICHMOND AND BATHURST,Collision - TTC Involved,5,10,W,8826
2021-11-19,504,13:25,Friday,BROADVIEW STATION,Operations,5,10,,8200
2021-11-19,503,13:28,Friday,KING AND RIVER,Held By,12,20,,4558
2021-11-19,501,13:35,Friday,LONG BRANCH LOOP,Operations,5,10,E,8708
2021-11-19,504,13:45,Friday,DUNDAS WEST STATION,Operations,5,10,,8215
2021-11-19,501,14:01,Friday,QUEEN AND NEVILLE PARK,Operations,5,10,,8777
2021-11-19,501,14:03,Friday,QUEEN AND LESLIE,Operations,5,10,W,8839
2021-11-19,501,14:04,Friday,QUEENSWAY AND ELLIS,Operations,5,10,W,8444
2021-11-19,501,14:12,Friday,BROADVIEW AND MT STEPH,Operations,5,10,E,9226
2021-11-19,504,14:24,Friday,KING AND SUMACH,Operations,5,10,W,4565
2021-11-19,506,14:30,Friday,CARLTON AND MUTUAL,Security,8,16,E,4506
2021-11-19,505,14:35,Friday,DUNDAS AND BROADVIEW,Operations,8,16,,4522
2021-11-19,506,14:45,Friday,GERRARD AND LOGAN,Cleaning - Unsanitary,8,16,,4473
2021-11-19,501,14:45,Friday,QUEEN AND CONNAUGHT,Operations,8,16,,4468
2021-11-19,512,14:51,Friday,ST CLAIR AND RUSSELL H,Emergency Services,21,26,E,4410
2021-11-19,505,15:03,Friday,LESLIE AND LAKESHORE,General Delay,10,18,N,4575
2021-11-19,501,15:10,Friday,QUEEN AND SPADINA,Operations,5,10,,7928
2021-11-19,509,15:18,Friday,QUEEN'S QUAY AND YORK,Collision - TTC Involved,186,194,E,4603
2021-11-19,501,15:32,Friday,KING AND BAY,General Delay,25,30,,4474
2021-11-19,503,15:41,Friday,BINGHAM LOOP,Operations,8,16,,4555
2021-11-19,505,15:42,Friday,DUNDAS AND HOWARD PARK,General Delay,20,8,,0
2021-11-19,501,15:43,Friday,QUEEN AND SACKVILLE,Operations,35,10,W,8731
2021-11-19,501,15:57,Friday,QUEEN AND SPADINA,Operations,5,10,W,8520
2021-11-19,501,16:11,Friday,QUEEN AND BAY,Operations,5,10,,8826
2021-11-19,505,16:13,Friday,DUNDAS AND BATHURST,Cleaning - Unsanitary,8,16,,4575
2021-11-19,509,16:38,Friday,EXHIBITION LOOP,Operations,8,16,,4603
2021-11-19,510,16:40,Friday,SPADINA AND KING,Operations,7,14,,4560
2021-11-19,501,16:48,Friday,LESLIE AND COMMISSIONE,Operations,9,18,,8811
2021-11-19,506,16:49,Friday,GERRARD AND ALTON,Held By,59,67,E,4576
2021-11-19,512,17:24,Friday,ST CLAIR AND EARLSCOUR,Mechanical,5,10,W,4541
2021-11-19,505,17:37,Friday,DUNDAS AND PARLIAMENT,Operations,8,16,,4596
2021-11-19,512,17:40,Friday,ST CLAIR AND WESTON,Operations,5,10,W,4582
2021-11-19,501,18:16,Friday,NEVILLE LOOP,Operations,10,20,,0
2021-11-19,509,18:30,Friday,EXHIBITION LOOP,Operations,8,16,E,4548
2021-11-19,501,19:18,Friday,KING AND SHAW,Operations,5,10,E,8549
2021-11-19,510,19:24,Friday,FLEET LOOP,Security,7,14,,4466
2021-11-19,501,19:37,Friday,QUEEN AND YONGE,Security,5,10,E,7948
2021-11-19,501,19:48,Friday,NEVILLE PARK LOOP,Operations,9,18,W,8705
2021-11-19,506,20:20,Friday,LANSDOWNE AND COLLEGE,Security,14,28,N,4500
2021-11-19,501,20:31,Friday,GERRARD AND ST MATTHEW,Operations,5,10,W,8703
2021-11-19,504,21:20,Friday,KING AND CHURCH,Operations,14,22,W,4427
2021-11-19,501,21:51,Friday,KING AND JARVIS,General Delay,9,15,E,4545
2021-11-19,505,22:08,Friday,PARLIAMENT AND QUEEN,Overhead,0,0,N,4522
2021-11-19,501,22:37,Friday,GERRARD AND BROADVIEW,Emergency Services,7,14,W,8757
2021-11-19,510,23:21,Friday,SPADINA AND DUNDAS,Security,9,18,N,4591
2021-11-19,501,00:02,Friday,QUEENSWAY AND GLENDALE,Mechanical,11,22,E,8597
2021-11-19,510,01:02,Friday,SPADINA STATION,Cleaning - Unsanitary,9,18,S,4452
2021-11-19,512,01:40,Friday,ST CLAIR AND AVENUE RO,Cleaning - Unsanitary,10,20,E,4582
2021-11-19,504,01:59,Friday,DUNDAS WEST STATION,Cleaning - Unsanitary,10,20,S,8393
2021-11-20,501,04:31,Saturday,BROADVIEW AND GERRARD,Operations,5,10,E,8697
2021-11-20,504,07:44,Saturday,KING AND SUMACH,Operations,6,12,W,4561
2021-11-20,504,09:01,Saturday,BROADVIEW AND JACK LAY,Mechanical,6,12,E,8139
2021-11-20,506,09:47,Saturday,LANSDOWNE AND COLLEGE,Operations,8,16,W,4470
2021-11-20,510,12:15,Saturday,SPADINA STATION,Operations,8,16,S,4514
2021-11-20,503,12:19,Saturday,COLLEGE AND LANSDOWNE,Operations,8,16,,4413
2021-11-20,506,12:31,Saturday,COLLEGE AND LANSDOWNE,Operations,8,16,W,4488
2021-11-20,506,12:43,Saturday,COLLEGE AND LANSDOWNE,Operations,8,16,W,4407
2021-11-20,504,12:45,Saturday,DUNDAS WEST STATION,Operations,5,10,N,8366
2021-11-20,504,12:45,Saturday,DUNDAS WEST STATION,Operations,5,10,W,8141
2021-11-20,511,12:45,Saturday,BATHURST STATION,Operations,7,14,S,4594
2021-11-20,505,13:04,Saturday,DUNDAS WEST STATION,Cleaning - Unsanitary,8,16,E,4504
2021-11-20,506,13:20,Saturday,GERRARD AND PAPE,Held By,8,16,,4422
2021-11-20,504,13:38,Saturday,KING AND PARLIAMENT,Mechanical,5,10,E,8120
2021-11-20,505,14:10,Saturday,DUNDAS WEST STATION,Cleaning - Unsanitary,6,12,E,4586
2021-11-20,501,14:19,Saturday,LONG BRANCH LOOP,Operations,5,10,W,8059
2021-11-20,501,14:26,Saturday,LESLIE AND QUEEN,Operations,5,10,E,8774
2021-11-20,505,15:18,Saturday,DUNDAS AND VICTORIA,Held By,12,19,W,4452
2021-11-20,511,15:34,Saturday,BATHURST AND FLEET,General Delay,10,17,W,4544
2021-11-20,506,15:38,Saturday,GERRARD AND PARLIAMENT,Operations,10,18,E,4550
2021-11-20,510,16:02,Saturday,SPADINA AND WILLCOCKS,Emergency Services,4,8,S,4601
2021-11-20,509,16:02,Saturday,QUEEN'S QUAY AND REECE,Held By,8,15,W,4427
2021-11-20,501,16:18,Saturday,QUEEN AND RONCESVALLES,Operations,5,10,W,7948
2021-11-20,510,16:20,Saturday,SPADINA AND QUEEN'S QU,Held By,14,20,N,4405
2021-11-20,505,17:09,Saturday,DUNDAS AND BEVERLEY,Emergency Services,20,27,E,4511
2021-11-20,505,17:20,Saturday,DUNDAS AND LANSDOWNE,Security,7,14,W,4567
2021-11-20,501,17:26,Saturday,QUEEN AND LESLIE,Operations,7,14,W,4484
2021-11-20,506,17:46,Saturday,CNE LOOP,Operations,8,16,N,4520
2021-11-20,509,17:56,Saturday,CNE LOOP,Operations,10,20,W,4520
2021-11-20,504,17:58,Saturday,KING AND SUMACH,Operations,5,10,E,4591
2021-11-20,505,18:01,Saturday,DUNDAS AND BROADVIEW,Operations,6,12,W,4504
2021-11-20,512,18:19,Saturday,GUNN'S LOOP,Operations,5,10,W,4510
2021-11-20,511,18:42,Saturday,FLEET LOOP,Emergency Services,8,16,S,4590
2021-11-20,510,18:46,Saturday,SPADINA STATION,Operations,5,10,S,4424
2021-11-20,510,18:50,Saturday,EXHIBITION LOOP,Operations,5,10,N,4484
2021-11-20,512,19:24,Saturday,GUNN'S LOOP,Operations,8,16,E,4401
2021-11-20,505,19:33,Saturday,DUNDAS AND BROADVIEW,Operations,4,9,E,4490
2021-11-20,501,19:38,Saturday,BROADVIEW AND GERRARD,Operations,5,10,W,8475
2021-11-20,501,20:19,Saturday,NEVILLE PARK,Operations,7,14,E,8725
2021-11-20,501,20:59,Saturday,NEVEILLE PARK LOOP,Operations,7,14,E,8662
2021-11-20,504,22:30,Saturday,BROADVIEW STATION,Collision - TTC Involved,7,14,N,8114
2021-11-20,511,00:00,Saturday,BATHURST STATION,Operations,8,16,S,4587
2021-11-20,501,00:11,Saturday,GERRARD AND MUNRO,Mechanical,4,16,W,8742
2021-11-21,504,03:15,Sunday,KING AND SUMACH,Operations,5,10,E,4591
2021-11-21,501,05:23,Sunday,QUEEN AND COXWELL,Operations,10,20,E,0
2021-11-21,501,05:42,Sunday,QUEEN AND COXWELL,Operations,10,20,,0
2021-11-21,504,06:42,Sunday,KING AND SHAW,Operations,9,18,W,8307
2021-11-21,505,07:07,Sunday,QUEEN AND KINGSTON,Emergency Services,6,16,E,4573
2021-11-21,505,08:03,Sunday,QUEEN AND CARLAW,Operations,0,0,E,4564
2021-11-21,504,08:53,Sunday,KING AND SUDBURY,Security,6,12,E,4521
2021-11-21,512,09:05,Sunday,ST CLAIR STATION,Operations,11,17,W,4553
2021-11-21,510,11:16,Sunday,SPADINA STATION,Operations,7,14,W,4465
2021-11-21,512,12:07,Sunday,ST CLAIR STATION,Operations,6,12,E,4588
2021-11-21,504,12:12,Sunday,DUFFERIN GATE LOOP,Operations,15,20,E,4546
2021-11-21,501,12:18,Sunday,HUMBER LOOP,Operations,9,18,E,0
2021-11-21,512,12:19,Sunday,ST CLAIR AND DUFFERIN,Mechanical,6,12,E,4466
2021-11-21,505,14:01,Sunday,DUNDAS AND LANSDOWNE,Operations,7,15,W,4520
2021-11-21,505,14:07,Sunday,QUEEN AND BROADVIEW,Collision - TTC Involved,54,61,E,4562
2021-11-21,504,14:16,Sunday,DUFFERIN AND QUEEN,Mechanical,5,10,N,8384
2021-11-21,505,14:22,Sunday,BROADVIEW AND QUEEN,Operations,7,15,E,4469
2021-11-21,505,14:25,Sunday,BROADVIEW AND QUEEN,Operations,7,15,W,4537
2021-11-21,505,14:34,Sunday,DUNDAS WEST STATION,Operations,7,8,W,4452
2021-11-21,510,14:42,Sunday,SPADINA AND KING,Operations,7,14,S,4401
2021-11-21,504,14:55,Sunday,WILSON GARAGE,Operations,5,10,,8174
2021-11-21,504,16:03,Sunday,BERKLEY AND KING,Mechanical,5,10,N,8128
2021-11-21,505,16:10,Sunday,BROADVIEW AND QUEEN,Operations,8,15,W,0
2021-11-21,501,16:32,Sunday,SPADINA AND RICHMOND,Collision - TTC Involved,8,16,S,8791
2021-11-21,511,16:39,Sunday,BATHURST AND KING,Operations,7,14,N,4590
2021-11-21,506,17:14,Sunday,BETWEEN JARVIS AND SPA,General Delay,15,22,,4438
2021-11-21,504,17:15,Sunday,KING AND SCHUMACH,Operations,5,10,,4502
2021-11-21,510,18:19,Sunday,SPADINA AND BREMNER,Cleaning - Unsanitary,7,14,S,4420
2021-11-21,504,18:57,Sunday,RONCESVALLES AND QUEEN,Mechanical,8,16,E,8149
2021-11-21,504,19:18,Sunday,BROADVIEW STATION,Operations,5,10,W,8394
2021-11-21,506,19:59,Sunday,MAIN STREET STATION,Operations,6,12,S,3299
2021-11-21,506,21:47,Sunday,MAIN STREET STATION,Mechanical,9,18,,3118
2021-11-21,505,22:14,Sunday,DUNDAS AND PARLIAMENT,Cleaning - Unsanitary,9,18,E,4516
2021-11-21,506,23:50,Sunday,MAIN STREET STATION,Operations,15,30,,3232
2021-11-21,501,00:13,Sunday,RICHMOND AND SPADINA,Security,9,18,W,8427
2021-11-21,501,00:33,Sunday,QUEEN AND CONNAUGHT,Operations,0,0,E,4540
2021-11-21,505,01:17,Sunday,LESLIE AND COMISSIONER,Security,0,0,E,4537
2021-11-22,505,04:10,Monday,QUEEN AND DEGRASSI,Held By,15,30,,4458
2021-11-22,504,06:14,Monday,WILSON GARAGE,Operations,5,10,S,0
2021-11-22,504,06:50,Monday,WILSON GARAGE,Operations,5,10,S,0
2021-11-22,504,06:52,Monday,WILSON GARAGE,Operations,5,10,,0
2021-11-22,504,07:10,Monday,WILSON GARAGE,Operations,5,10,,0
2021-11-22,510,07:36,Monday,SPADINA AND BREMNER,Security,9,18,S,4449
2021-11-22,504,07:52,Monday,DUNDAS WEST STATION,Mechanical,5,10,,8168
2021-11-22,505,08:28,Monday,DUNDAS AND PARLIAMENT,Cleaning - Unsanitary,8,16,E,4483
2021-11-22,504,09:03,Monday,DUNDAS WEST STATION,Operations,5,10,,8332
2021-11-22,506,09:15,Monday,GERRARD AND NORWOOD (E,Operations,8,16,W,3165
2021-11-22,505,12:07,Monday,BROADVIEW AND QUEEN,Operations,8,16,,4566
2021-11-22,510,13:32,Monday,SPADINA AND COLLEGE,Operations,7,14,N,4518
2021-11-22,504,13:50,Monday,ERINDALE AND BROADVIEW,Mechanical,5,10,N,8365
2021-11-22,505,14:00,Monday,DUNDAS WEST STATION TO,General Delay,0,0,B,0
2021-11-22,505,14:05,Monday,QUEEN AND BROADVIEW,Operations,8,16,E,4532
2021-11-22,510,14:16,Monday,SPADINA STATION,Operations,7,14,S,4426
2021-11-22,501,14:34,Monday,BROADVIEW AND GERRARD,Operations,20,20,E,0
2021-11-22,501,14:38,Monday,QUEEN AND BROADVIEW,Operations,10,20,W,0
2021-11-22,503,14:59,Monday,QUEEN AND WOODFIELD,Operations,8,16,N,4424
2021-11-22,504,15:14,Monday,DUNDAS WEST STATION,Security,5,10,E,8171
2021-11-22,510,15:19,Monday,SPADINA AND COLLEGE,Operations,7,14,N,4492
2021-11-22,510,16:00,Monday,SPADINA AND KING,Operations,7,14,W,4457
2021-11-22,501,16:04,Monday,QUEEN AND CHURCH,Operations,6,14,W,4435
2021-11-22,505,16:10,Monday,QUEEN AND BROADVIEW,Operations,17,25,W,4579
2021-11-22,501,16:10,Monday,QUEEN AND BROADVIEW,Held By,19,27,W,0
2021-11-22,503,16:10,Monday,QUEEN AND BROADVIEW,Held By,17,25,W,4555
2021-11-22,505,16:35,Monday,QUEEN AND BROADVIEW,Operations,18,26,W,4580
2021-11-22,501,16:47,Monday,QUEEN AND SHERBOURNE,Operations,8,16,W,4402
2021-11-22,501,16:51,Monday,QUEEN AND BROADVIEW,Held By,17,25,W,4554
2021-11-22,505,16:56,Monday,DUNDAS AND LANSDOWNE,Operations,8,16,W,4581
2021-11-22,501,17:02,Monday,BROADVIEW AND GERRARD,Operations,10,20,E,0
2021-11-22,504,17:03,Monday,DUFFERIN GATE,Operations,6,12,E,4484
2021-11-22,506,17:28,Monday,MAIN STREET STATION,Held By,38,45,B,3137
2021-11-22,506,17:36,Monday,COLLEGE AND LANSDOWNE,Operations,8,16,W,4407
2021-11-22,511,17:57,Monday,BATHURST STATION,Operations,7,14,S,4567
2021-11-22,512,18:00,Monday,ST CLAIR WEST STATION,Operations,6,12,S,4573
2021-11-22,504,18:07,Monday,KING AND SUMACH,Operations,6,12,W,4560
2021-11-22,509,18:22,Monday,EXHIBITION LOOP,Operations,8,15,N,4434
2021-11-22,504,18:27,Monday,DISTILLERY LOOP,Operations,6,12,E,4568
2021-11-22,505,18:32,Monday,DUNDAS WEST STATION,Security,8,16,W,4464
2021-11-22,501,18:44,Monday,QUEEN AND RONCESVALLES,Operations,10,20,,0
2021-11-22,501,18:47,Monday,QUEEN AND RONCESVALLES,Operations,10,20,W,0
2021-11-22,505,18:49,Monday,QUEEN AND BROADVIEW,Operations,8,16,S,4556
2021-11-22,504,18:49,Monday,DISTILLERY LOOP,Operations,6,12,W,4519
2021-11-22,503,18:52,Monday,WOODBINE LOOP,Security,8,16,E,4553
2021-11-22,504,19:10,Monday,KING AND PARLIAMENT,Operations,6,12,E,4571
2021-11-22,506,19:17,Monday,MAIN STREET STATION,Operations,7,14,S,3167
2021-11-22,512,19:24,Monday,ST CLAIR WEST STATION,Operations,6,12,W,4522
2021-11-22,501,20:21,Monday,QUEEN AND COXWELL,Operations,9,18,E,8522
2021-11-22,510,20:43,Monday,SPADINA AND QUEEN'S QU,Emergency Services,45,49,N,4489
2021-11-22,506,21:08,Monday,COXWELL AND GERRARD,Operations,15,21,W,3118
2021-11-22,506,21:09,Monday,MAIN STATION,Operations,7,14,,3165
2021-11-22,511,21:19,Monday,EXHIBITION LOOP,Security,7,14,E,4538
2021-11-22,506,23:02,Monday,DUNDAS AND GREENWOOD,Operations,10,20,W,3209
2021-11-22,501,23:23,Monday,KING AND UNIVERSITY,Emergency Services,0,0,E,4435
2021-11-22,512,23:35,Monday,ST CLAIR WEST AND AVEN,Operations,10,20,W,4549
2021-11-22,505,00:54,Monday,QUEEN AND GREENWOOD,Operations,20,30,E,4580
2021-11-23,511,05:38,Tuesday,DUFFERIN GATE LOOP,Mechanical,8,16,E,4554
2021-11-23,506,05:50,Tuesday,CARLTON ROUTE,Operations,8,16,,4479
2021-11-23,505,05:56,Tuesday,QUEEN AND KINGSTON LOO,Emergency Services,8,16,E,4476
2021-11-23,505,06:26,Tuesday,DUNDAS AND MCCAUL,General Delay,17,25,E,4555
2021-11-23,505,07:01,Tuesday,314 PARLIAMENT ST,General Delay,9,17,N,4593
2021-11-23,506,07:32,Tuesday,RONCESVALLES,General Delay,8,16,E,4479
2021-11-23,505,10:20,Tuesday,DUNDAS AND PARLIAMENT,Cleaning - Unsanitary,8,16,E,4428
2021-11-23,501,11:41,Tuesday,GERRARD AND BROADVIEW,Mechanical,10,20,,0
2021-11-23,505,12:07,Tuesday,BROADVIEW AND QUEEN,Operations,8,16,S,4476
2021-11-23,501,12:47,Tuesday,QUEEN AND SHERBOURNE,Mechanical,8,16,,8063
2021-11-23,505,12:49,Tuesday,DUNDAS AND LANSDOWNE,Diversion,11,19,W,4593
2021-11-23,503,12:59,Tuesday,KINGSTON AND SCARBOROU,Held By,13,21,W,4503
2021-11-23,504,13:20,Tuesday,BROADVIEW STATION,Operations,6,12,W,8164
2021-11-23,505,13:38,Tuesday,DUNDAS AND BAY,General Delay,16,24,W,4455
2021-11-23,501,13:38,Tuesday,QUEEN AND WOODFIELD,Operations,8,16,W,0
2021-11-23,501,13:42,Tuesday,QUEEN AND WOODFIELD,Operations,8,16,E,0
2021-11-23,501,13:48,Tuesday,QUEEN AND WOODFIELD,Operations,8,16,,0
2021-11-23,501,14:09,Tuesday,QUEEN AND COXWELL,Operations,7,15,,0
2021-11-23,505,14:13,Tuesday,LESLIE CARHOUSE,Operations,8,16,S,4462
2021-11-23,501,14:14,Tuesday,ADELAIDE AND SPADINA,Diversion,360,368,E,7924
2021-11-23,510,14:19,Tuesday,SPADINA STATION,Operations,7,14,,4516
2021-11-23,504,14:42,Tuesday,QUEEN AND CONNAUGHT,Operations,6,12,W,0
2021-11-23,510,14:54,Tuesday,SPADINA AND KING,Operations,7,14,,4502
2021-11-23,501,16:44,Tuesday,GERRARD AND BROADVIEW,General Delay,10,20,,8755
2021-11-23,505,17:00,Tuesday,WARDEN AND MCNICOL,Operations,9,18,,3240
2021-11-23,501,17:07,Tuesday,QUEEN AND WOODFIELD,Operations,8,16,,0
2021-11-23,505,17:10,Tuesday,BROADVIEW AND QUEEN,Operations,8,15,W,0
2021-11-23,512,17:45,Tuesday,ST CLAIR WEST STATION,Operations,6,12,,4423
2021-11-23,512,17:53,Tuesday,ST CLAIR STATION,Cleaning - Unsanitary,6,12,,4598
2021-11-23,504,18:00,Tuesday,KING AND SUMACH,Operations,6,12,,4602
2021-11-23,504,18:07,Tuesday,KIING AND SUMACH,Operations,6,12,,0
2021-11-23,512,18:20,Tuesday,ST CLAIR WEST STATION,Operations,6,12,,4487
2021-11-23,509,18:22,Tuesday,EXHIBITION LOOP,Operations,10,18,,4449
2021-11-23,504,18:27,Tuesday,KING AND SUMACH,Operations,6,12,E,4579
2021-11-23,512,18:43,Tuesday,ST CLAIR WEST AND SILV,Cleaning - Unsanitary,6,12,,4543
2021-11-23,505,19:01,Tuesday,BROADVIEW AND QUEEN,Operations,8,15,,4563
2021-11-23,506,19:17,Tuesday,MAIN STREET STATION,Operations,7,14,,3324
2021-11-23,511,20:10,Tuesday,FLEET AND BATHURST,Operations,7,14,,4467
2021-11-23,512,20:26,Tuesday,ST.CLAIR AND CHRISTIE,Security,19,27,W,4547
2021-11-23,506,20:29,Tuesday,COLLEGE AND LANSDOWNE,Operations,8,16,,4406
2021-11-23,501,20:41,Tuesday,QUEEN AND COXWELL,Operations,7,15,,0
2021-11-23,504,23:58,Tuesday,DUFFERIN GATE,Cleaning - Unsanitary,6,12,E,4439
2021-11-23,504,00:52,Tuesday,KING AND PARLIAMENT,Operations,6,12,E,4491
2021-11-23,512,00:59,Tuesday,ST CLAIR AND VAUGHAN,Operations,8,16,,4426
2021-11-23,512,01:30,Tuesday,ST CLAIR AND BATHURST,Cleaning - Unsanitary,10,20,W,4501
2021-11-24,510,02:07,Wednesday,UNION STATION,Operations,9,18,S,4402
2021-11-24,504,02:09,Wednesday,DUNDAS WEST STATION,Security,10,47,,8158
2021-11-24,501,03:21,Wednesday,BROAVIEW AND GERRARD,Operations,9,17,,8628
2021-11-24,510,06:18,Wednesday,SPADINA STATION,Emergency Services,9,18,N,4567
2021-11-24,505,07:19,Wednesday,DUNDAS AND BROADVIEW,General Delay,12,20,S,4587
2021-11-24,505,07:51,Wednesday,DUNDAS AND BROADVIEW,General Delay,11,19,S,4600
2021-11-24,504,09:12,Wednesday,BROADVIEW STATION,Operations,5,10,W,8137
2021-11-24,503,09:35,Wednesday,KING AND SUMACH,Diversion,35,43,N,4476
2021-11-24,504,09:35,Wednesday,KING AND SUMACH,Operations,5,10,E,4491
2021-11-24,506,09:36,Wednesday,GERRARD AND PAPE ( WES,Collision - TTC Involved,8,16,E,3145
2021-11-24,501,09:40,Wednesday,KIGN AND PARLIAMENT,Held By,8,16,N,4525
2021-11-24,505,10:40,Wednesday,DUNDAS WEST AND LANSDO,Collision - TTC Involved,9,18,W,4424
2021-11-24,504,12:45,Wednesday,DUNDAS WEST STATION,Operations,5,10,,8116
2021-11-24,504,13:15,Wednesday,DISTILLERY LOOP,Diversion,7,13,,4435
2021-11-24,506,13:31,Wednesday,COLLEGE AND DUFFERIN (,Diversion,24,34,W,4419
2021-11-24,506,13:42,Wednesday,GERRARD AND MAIN,Operations,8,16,E,3190
2021-11-24,504,14:11,Wednesday,BROADVIEW STATION,Mechanical,5,10,E,8352
2021-11-24,504,14:39,Wednesday,WILSON GARAGE,Operations,6,12,,0
2021-11-24,505,14:50,Wednesday,LESLIE AND QUEEN,Operations,8,15,E,4487
2021-11-24,506,16:23,Wednesday,CARLTON AND ONTARIO,General Delay,15,23,W,4576
2021-11-24,504,16:56,Wednesday,BROADVIEW STATION,Operations,6,12,,8143
2021-11-24,501,18:04,Wednesday,QUEENSWAY AND PARKSIDE,Mechanical,9,17,W,8488
2021-11-24,504,18:15,Wednesday,KING AND SUMACH,Operations,6,12,E,4564
2021-11-24,501,18:16,Wednesday,QUEEN AND UNIVERSITY,Cleaning - Unsanitary,9,18,,8871
2021-11-24,505,18:17,Wednesday,DUNDAS AND GRACE,Collision - TTC Involved,83,90,E,4601
2021-11-24,504,18:22,Wednesday,KING AND SUMACH,Operations,6,14,E,4536
2021-11-24,512,18:30,Wednesday,ST CLAIR AND VAUGHAN,Operations,6,12,,4502
2021-11-24,501,18:33,Wednesday,QUEEN AND BESTY,Operations,9,23,E,7946
2021-11-24,501,18:46,Wednesday,QUEEN AND FULLER,Operations,9,23,E,7946
2021-11-24,504,18:55,Wednesday,KING AND SUMACH,Operations,6,12,,4484
2021-11-24,510,19:02,Wednesday,SPADINA AND WILLCOCKS,Cleaning - Unsanitary,7,14,N,4532
2021-11-24,505,19:10,Wednesday,DUNDAS AND BLOOR,Utilized Off Route,13,26,W,1015
2021-11-24,504,19:18,Wednesday,KING AND SACKVILLE,Operations,7,14,E,1383
2021-11-24,509,19:34,Wednesday,EXHIBITION LOOP,Operations,8,16,E,4603
2021-11-24,512,19:50,Wednesday,ST CLAIR STATION,Operations,6,12,,4483
2021-11-24,506,20:35,Wednesday,COLLEGE AND LANSDOWNE,Operations,8,16,,4454
2021-11-24,505,20:48,Wednesday,DUNDAS WEST STATION,Security,10,20,E,4599
2021-11-24,510,20:51,Wednesday,SPADINA STATION,Security,21,31,,4540
2021-11-24,501,21:05,Wednesday,QUEEN AND SOHO,Held By,10,20,W,8628
2021-11-24,505,21:26,Wednesday,DUNDAS AND CHURCH,Security,7,15,E,4599
2021-11-24,512,21:48,Wednesday,ST CLAIR WEST AND GUNN,Operations,8,16,E,4502
2021-11-24,505,22:15,Wednesday,BAY AND DUNDAS,Security,10,20,N,4599
2021-11-24,504,22:27,Wednesday,KING AND SUMACH,Operations,6,12,,4435
2021-11-24,504,22:35,Wednesday,STRACHAN AND FLEET,Operations,7,14,E,8315
2021-11-24,504,22:37,Wednesday,RONCESVALLES AND HOWAR,Utilized Off Route,8,16,W,8376
2021-11-24,504,23:07,Wednesday,BROADVIEW STATION,Operations,10,20,W,8306
2021-11-24,509,00:26,Wednesday,FLEET LOOP,Emergency Services,9,18,,4563
2021-11-24,509,01:14,Wednesday,EXHIBITION LOOP,Cleaning - Unsanitary,3,12,W,4603
2021-11-25,301,02:07,Thursday,YONGE AND QUEEN,Mechanical,8,16,N,8462
2021-11-25,504,04:44,Thursday,WILSON GARAGE,Mechanical,18,28,,8314
2021-11-25,505,06:25,Thursday,DUNDAS AND RIVER,General Delay,10,18,E,4403
2021-11-25,501,11:36,Thursday,QUEEN AND SILVER BIRCH,Security,8,16,W,9235
2021-11-25,506,12:20,Thursday,GERRARD AND BROADVIEW,Diversion,7,14,E,4576
2021-11-25,504,13:22,Thursday,DUFFERIN AND QUEEN,Mechanical,6,12,,8332
2021-11-25,501,14:00,Thursday,HUMBER LOOP,Operations,8,16,W,9216
2021-11-25,501,14:02,Thursday,GERRARD AND MUNRO,Operations,8,16,E,8658
2021-11-25,501,14:04,Thursday,RONCESVALLES AND QUEEN,Operations,8,16,W,8023
2021-11-25,501,14:05,Thursday,HUMBER LOOP,Operations,8,16,N,8843
2021-11-25,509,14:35,Thursday,FLEET LOOP,Security,8,16,W,4527
2021-11-25,504,14:45,Thursday,DUFFERIN GATE LOOP,Operations,4,12,E,4431
2021-11-25,503,15:05,Thursday,QUEEN AND LESLIE,Operations,8,16,E,4516
2021-11-25,504,15:23,Thursday,KING AND DUFFERIN,Mechanical,6,12,E,8302
2021-11-25,505,15:45,Thursday,DUNDAS AND BROADVIEW,Operations,7,14,,4574
2021-11-25,504,15:52,Thursday,WOLSELEY LOOP,Security,6,14,N,4439
2021-11-25,503,16:08,Thursday,QUEEN AND LESLIE,Operations,8,16,W,4516
2021-11-25,506,16:24,Thursday,GERRARD AND RIVER,Operations,8,16,N,3271
2021-11-25,505,17:41,Thursday,DUNDA AND DENISON,Operations,7,14,,4540
2021-11-25,506,17:42,Thursday,COLLEGE AND LANSDOWNE,Operations,8,16,,4500
2021-11-25,510,17:55,Thursday,SPADINA STATION,Operations,7,14,,4424
2021-11-25,504,18:15,Thursday,KING AND SUMACH,Operations,6,12,E,4469
2021-11-25,512,18:20,Thursday,ST CLAIR STATION,Operations,6,12,,4401
2021-11-25,512,18:28,Thursday,ST CLAIR WEST STATION,Operations,6,12,,4565
2021-11-25,510,18:33,Thursday,SPADINA STATION,Operations,7,14,,4560
2021-11-25,504,18:55,Thursday,KING AND SUMACH,Operations,6,12,W,4603
2021-11-25,504,19:10,Thursday,KING AND SUMACH,Operations,1,14,W,4425
2021-11-25,505,19:49,Thursday,LANSDOWNE LOOP,Operations,8,16,E,4493
2021-11-25,501,19:55,Thursday,LAKESHORE AND PARK LAW,Security,8,16,E,9225
2021-11-25,504,20:16,Thursday,KING AND BERKLEY,Operations,16,22,,8321
2021-11-25,506,20:32,Thursday,COLLEGE AND LANSDOWNE,Operations,8,16,,4580
2021-11-25,504,21:40,Thursday,KING AND SUMACH,Operations,6,12,,4429
2021-11-25,512,22:01,Thursday,ST CLAIR AND LANSDOWNE,Emergency Services,19,27,W,4422
2021-11-25,501,22:07,Thursday,GERRARD AND BROADVIEW,Utilized Off Route,7,14,,8015
2021-11-25,506,22:51,Thursday,RONCESVALLES YARD,Security,0,0,S,4456
2021-11-25,505,23:21,Thursday,BAY AND DUNDAS W,Security,10,20,N,4593
2021-11-25,506,00:46,Thursday,COLLEGE AND ELIZABETH,Held By,10,18,E,4500
2021-11-26,505,02:00,Friday,BROADVIEW AND DUNDAS,General Delay,53,23,E,4550
2021-11-26,504,03:30,Friday,BROADVIEW STATION,Operations,4,8,W,8305
2021-11-26,501,04:24,Friday,QUEEN AND JARVIS,Diversion,230,260,,0
2021-11-26,505,06:17,Friday,DUNDAS AND ONTARIO,Operations,8,16,,4451
2021-11-26,504,06:29,Friday,BATHURST AND KING,Held By,3,6,W,4491
2021-11-26,505,06:33,Friday,DUNDAS AND BATHURST,General Delay,10,20,W,4501
2021-11-26,504,07:50,Friday,KING AND DUFFERIN,Mechanical,3,7,W,4506
2021-11-26,504,08:00,Friday,BATHURST AND KING,Mechanical,3,7,S,4506
2021-11-26,505,08:13,Friday,QUEEN AND WOODFIELD,General Delay,12,20,E,4573
2021-11-26,510,09:05,Friday,SPADINA STATION,Cleaning - Unsanitary,4,9,S,4569
2021-11-26,501,09:25,Friday,QUEEN AND COXWELL,Operations,8,16,E,8873
2021-11-26,503,10:41,Friday,QUEEN AND KINGSTON,Mechanical,8,16,W,4514
2021-11-26,505,10:47,Friday,DUNDAS AND SPADINA,General Delay,11,19,W,4501
2021-11-26,512,11:05,Friday,ST CLAIR AND TWEEDSMUI,Operations,8,16,E,4495
2021-11-26,511,12:04,Friday,BATHURST AND FRONT,Rail/Switches,24,31,S,4460
2021-11-26,504,12:45,Friday,BROADVIEW STATION,Operations,5,10,E,0
2021-11-26,512,13:06,Friday,ST CLAIR AND VAUGHAN,Operations,6,12,E,4489
2021-11-26,504,13:15,Friday,DUNDAS WEST STATION,Operations,6,12,S,0
2021-11-26,510,13:35,Friday,SPADINA AND QUEEN,Held By,59,7,N,4569
2021-11-26,501,13:46,Friday,QUEEN AND SPADINA,Held By,20,25,W,8592
2021-11-26,503,13:52,Friday,KINGSTON AND QUEEN,Held By,46,53,E,4414
2021-11-26,501,13:53,Friday,KINGSTON AND QUEEN,Operations,8,16,N,4544
2021-11-26,504,13:55,Friday,DUNDAS WEST STATION,Operations,6,12,N,0
2021-11-26,501,13:55,Friday,QUEEN AND BROADVIEW,Cleaning - Unsanitary,8,16,E,4406
2021-11-26,506,13:59,Friday,COLLEGE AND BORDEN,Held By,22,30,W,0
2021-11-26,510,15:00,Friday,SPADINA AND KING,Operations,7,14,,4524
2021-11-26,501,15:32,Friday,GERRARD AND BROADVIEW,Operations,5,10,,8694
2021-11-26,512,15:35,Friday,ST CLAIR STATION,Operations,6,12,,4570
2021-11-26,510,15:52,Friday,QUEEN'S QUAY AND YORK,Security,7,14,E,4540
2021-11-26,506,17:17,Friday,COXWELL AND LOWER GERR,Cleaning - Unsanitary,7,14,E,3107
2021-11-26,504,17:20,Friday,LESLIE BARNS,Operations,4,8,N,4506
2021-11-26,512,17:37,Friday,ST CLAIR WEST AND DEER,Operations,16,22,E,44654
2021-11-26,501,17:51,Friday,LAKESHORE AND SYMONS,Cleaning - Unsanitary,9,18,W,8845
2021-11-26,512,18:20,Friday,ST CLAIR STATION,Operations,6,12,W,4491
2021-11-26,510,18:25,Friday,SPADINA STATION,Operations,7,14,S,4540
2021-11-26,510,18:39,Friday,SPADINA STATION,Operations,7,17,S,4503
2021-11-26,512,18:40,Friday,ST CLAIR AND AVENUE,Operations,6,12,W,4571
2021-11-26,505,18:54,Friday,LESLIE BARNS,Operations,9,18,,4567
2021-11-26,512,19:00,Friday,ST CLAIR STATION,Operations,6,12,S,4427
2021-11-26,506,19:03,Friday,JARVIS AND SPADINA,General Delay,7,22,,4543
2021-11-26,511,19:05,Friday,BATHURST STATION,Operations,5,13,S,4563
2021-11-26,501,19:40,Friday,QUEEN AND JOHN,Security,5,10,E,8517
2021-11-26,512,19:47,Friday,ST CLAIR WEST STATION,Operations,6,12,E,4419
2021-11-26,501,20:12,Friday,QUEEN AND DUFFERIN,Mechanical,6,12,W,8860
2021-11-26,504,20:17,Friday,BROADVIEW STATION,Operations,8,16,W,8143
2021-11-26,501,20:33,Friday,GERRARD AND MUNRO,Cleaning - Unsanitary,5,10,W,8592
2021-11-26,506,20:50,Friday,MAIN STREET STATION,Operations,7,14,E,3211
2021-11-26,512,21:09,Friday,ST CLAIR WEST STATION,Operations,7,14,E,4419
2021-11-26,501,21:57,Friday,QUEEN AND RONCESVALLES,Operations,5,10,,8025
2021-11-26,512,22:43,Friday,ST CLAIR STATION,Operations,6,12,,4465
2021-11-26,501,23:17,Friday,QUEEN AND SHERBOURNE,Mechanical,7,14,W,8469
2021-11-26,510,23:32,Friday,SPADINA STATION,Security,20,29,,4426
2021-11-26,506,23:36,Friday,MAIN STREET STATION,Operations,7,14,E,3329
2021-11-27,512,02:16,Saturday,ST.CLAIR AND AVENUE,Held By,49,59,W,4472
2021-11-27,504,02:23,Saturday,KING AND BATHURST,Held By,17,26,,4488
2021-11-27,301,02:54,Saturday,LAKESHORE AND WINDEMER,Operations,7,14,E,8813
2021-11-27,304,04:45,Saturday,DUNDAS WEST STATION,Mechanical,30,60,E,8191
2021-11-27,999,06:00,Saturday,TORONTO TRANSIT COMMIS,General Delay,0,0,,0
2021-11-27,510,06:05,Saturday,KING AND PARLIAMENT,Mechanical,10,20,W,4455
2021-11-27,501,06:21,Saturday,BROADVIEW AND QUEEN,Held By,32,38,S,4513
2021-11-27,504,06:32,Saturday,QUEEN AND SHERBOURNE,General Delay,6,12,W,4473
2021-11-27,509,06:33,Saturday,QUEEN AND SHERBOURNE,Held By,34,44,W,4424
2021-11-27,505,06:57,Saturday,QUEEN AND VANCOUVER,Emergency Services,9,18,W,4545
2021-11-27,501,07:02,Saturday,PARLIAMENT AND RICHMON,Held By,35,41,W,4534
2021-11-27,512,07:07,Saturday,YONGE AND ST CLAIR,Held By,10,20,W,4457
2021-11-27,501,07:59,Saturday,SPADINA AND QUEEN,Mechanical,5,9,W,8055
2021-11-27,501,08:23,Saturday,KIPLING AND LAKESHORE,Operations,4,9,N,7965
2021-11-27,506,09:06,Saturday,COLLEGE AND LANSDOWNE,Operations,8,15,W,4450
2021-11-27,512,09:48,Saturday,ST CLAIR WEST STATION,Operations,342,352,E,4560
2021-11-27,501,10:04,Saturday,PARLIAMENT AND QUEEN,General Delay,30,36,N,4603
2021-11-27,505,10:51,Saturday,DUNDAS AND CHURCH,Mechanical,6,13,E,4476
2021-11-27,501,12:30,Saturday,QUEEN AND BROADVIEW,Operations,9,18,,9202
2021-11-27,510,12:34,Saturday,SPADINA AND QUEEN,Security,46,54,S,4521
2021-11-27,504,13:26,Saturday,KING AND SUMACH,Operations,10,20,W,4601
2021-11-27,501,13:54,Saturday,QUEEN AND JARVIS,Collision - TTC Involved,9,18,W,8928
2021-11-27,506,14:14,Saturday,HOWARD PARK AND RONCES,Operations,7,15,W,4583
2021-11-27,501,14:29,Saturday,HUMBER LOOP,Operations,8,16,E,8630
2021-11-27,504,15:28,Saturday,KING AND SUMACH,Operations,10,20,E,4564
2021-11-27,504,15:55,Saturday,DUNDAS WEST STATION,Operations,5,10,E,8388
2021-11-27,501,16:18,Saturday,BROADVIEW AND GERRARD,Operations,8,16,,0
2021-11-27,506,16:34,Saturday,COLLEGE AND HAVELOCK,General Delay,10,18,W,4517
2021-11-27,506,16:43,Saturday,COLLEGE AND LANSDOWNE,Operations,7,14,W,4517
2021-11-27,512,16:53,Saturday,ST CLAIR AND OAKWOOD,Overhead,25,38,E,4435
2021-11-27,511,17:10,Saturday,BATHURST AND KING,General Delay,10,16,,4595
2021-11-27,504,17:30,Saturday,KING AND SUDBURY,Held By,0,0,W,4512
2021-11-27,501,17:38,Saturday,GERRARD AND BROADVIEW,Operations,9,18,,0
2021-11-27,501,17:54,Saturday,QUEEN AND BATHURST,Cleaning - Unsanitary,8,16,W,8682
2021-11-27,501,18:09,Saturday,QUEEN AND GREENWOOD,Operations,7,14,,4458
2021-11-27,511,18:20,Saturday,BATHURST AND KING,Operations,6,12,S,4553
2021-11-27,504,19:12,Saturday,LESLIE BARNS,Operations,6,12,,0
2021-11-27,504,19:13,Saturday,WILSON GARAGE,Operations,7,14,6,8205
2021-11-27,501,19:13,Saturday,QUEEN AND SACKVILLE,Held By,10,18,W,4513
2021-11-27,512,19:26,Saturday,ST CLAIR AND VAUGHAN,Operations,8,16,S,4558
2021-11-27,506,19:30,Saturday,MAIN STREET STATION,Operations,8,16,W,3116
2021-11-27,512,19:33,Saturday,ST CLAIR WEST STATION,Operations,8,16,E,4456
2021-11-27,510,19:47,Saturday,SPADINA AND KING,Operations,5,10,S,4487
2021-11-27,510,19:52,Saturday,SPADINA AND QUEEN,Operations,5,10,E,4533
2021-11-27,504,20:06,Saturday,KING AND SUMACH,Operations,5,10,,4411
2021-11-27,501,21:12,Saturday,GERRARD AND BROADVIEW,Operations,9,18,,8067
2021-11-27,511,21:30,Saturday,CNE LOOP,Emergency Services,8,16,E,4511
2021-11-27,511,21:41,Saturday,BATHURST AND KING,Operations,6,12,S,4588
2021-11-27,505,21:50,Saturday,QUEEN AND LESLIE,Operations,8,16,,4419
2021-11-27,505,22:08,Saturday,WOODBINE LOOP,Security,9,18,E,4421
2021-11-27,512,22:16,Saturday,ST CLAIR AND LAUHTON,Security,12,22,E,4522
2021-11-27,512,22:19,Saturday,ST CLAIR AND EARLSCOUR,Diversion,10,20,W,4570
2021-11-27,505,22:35,Saturday,CONNAUGHT AND QUEEN,Operations,9,18,N,4491
2021-11-27,501,23:43,Saturday,KING AND BATHURST,Collision - TTC Involved,9,18,W,8672
2021-11-27,504,23:44,Saturday,BATHURST AND KING,Diversion,59,74,W,4538
2021-11-27,504,00:06,Saturday,EXHIBITION LOOP,Utilized Off Route,8,16,W,8169
2021-11-27,505,00:07,Saturday,DUNDAS AND RICHIE (W O,Diversion,154,166,E,4460
2021-11-27,506,01:09,Saturday,DUNDAS AND HOWARD PARK,Diversion,90,98,W,4401
2021-11-27,501,01:36,Saturday,LAKESHORE AND TWENTY S,Security,5,14,E,8963
2021-11-27,504,01:51,Saturday,SPRINGHURST LOOP,Emergency Services,69,75,,4567
2021-11-27,504,01:58,Saturday,KING AND BATHUST,Held By,62,68,W,4527
2021-11-28,304,02:31,Sunday,DUNDAS AND RITCHIE,Diversion,115,145,E,8185
2021-11-28,306,02:55,Sunday,DUNDAS WEST AND HOWARD,Held By,5,14,W,4454
2021-11-28,501,03:05,Sunday,KING AND BATHURST,Diversion,0,0,E,9201
2021-11-28,504,03:40,Sunday,KING AND TECUMSETH,Diversion,60,66,B,4567
2021-11-28,501,05:00,Sunday,THE QUEENSWAY AND WIND,Emergency Services,27,57,E,8952
2021-11-28,,06:10,Sunday,RONCESVALLES YARD,Emergency Services,0,0,,4515
2021-11-28,505,06:47,Sunday,DUNDAS AND EDNA,Overhead,10,18,W,4477
2021-11-28,506,07:44,Sunday,CARLTON AND PARLIAMENT,Operations,10,20,W,4555
2021-11-28,506,08:15,Sunday,DUNDAS WEST AND HOWARD,Operations,10,20,W,4555
2021-11-28,505,08:32,Sunday,QUEEN AND WOODFIELD,Operations,18,16,W,4412
2021-11-28,506,08:38,Sunday,HOWARD PARK AND RONCES,Operations,30,40,E,4505
2021-11-28,510,08:59,Sunday,SPADINA AND COLLEGE,Operations,10,20,S,4428
2021-11-28,510,09:04,Sunday,LESLIE BARNS,Held By,3,13,W,4501
2021-11-28,510,09:08,Sunday,LESLIE BARNS,Mechanical,4,10,W,4427
2021-11-28,501,09:54,Sunday,QUEEN AND VICTORIA ST,Security,9,18,W,7975
2021-11-28,504,11:26,Sunday,DUFFERIN GATE LOOP,Mechanical,10,17,E,4529
2021-11-28,501,11:27,Sunday,GERRARD AND ST MATHEWS,Mechanical,10,20,W,8483
2021-11-28,501,12:45,Sunday,QUEEN AND RONCESVALLES,Operations,9,18,E,7910
2021-11-28,504,13:34,Sunday,BROADVIEW STATION,Operations,5,10,W,8123
2021-11-28,501,13:59,Sunday,QUEEN AND DUFFERIN,Mechanical,9,18,E,8543
2021-11-28,506,14:11,Sunday,CASTLE FRANK STATION,Mechanical,9,18,W,3202
2021-11-28,501,14:14,Sunday,QUEEN AND BATHURST,Diversion,50,65,W,8488
2021-11-28,504,14:47,Sunday,KING AND STRACHAN,Mechanical,5,10,E,4415
2021-11-28,501,14:48,Sunday,HUMBER LOOP,Mechanical,9,18,E,8758
2021-11-28,501,15:24,Sunday,LAKESHORE AMD KIPLING,Mechanical,9,18,E,8072
2021-11-28,510,15:31,Sunday,UNION STATION,Operations,7,14,N,4528
2021-11-28,501,16:36,Sunday,QUEEN AND GREENWOOD,Operations,8,16,W,4484
2021-11-28,504,17:50,Sunday,LESLIE BARNS,Operations,6,12,E,4598
2021-11-28,511,18:00,Sunday,BATHURST STATION,Operations,7,14,,4494
2021-11-28,501,18:39,Sunday,LONGBRANCH LOOP,Operations,9,16,W,8091
2021-11-28,505,18:54,Sunday,QUEEN AND LESLIE,General Delay,20,28,W,4456
2021-11-28,504,20:05,Sunday,DUNDAS AND EDNA,Mechanical,8,16,W,8208
2021-11-28,501,20:14,Sunday,HUMBER LOOP,Operations,9,16,E,8427
2021-11-28,509,20:51,Sunday,EXHIBITION LOOP,Emergency Services,10,19,E,4429
2021-11-28,505,20:51,Sunday,QUEEN AND LESLIE,Mechanical,8,16,E,4575
2021-11-28,504,21:46,Sunday,CANADA AND MANITOBA,Mechanical,10,20,N,8149
2021-11-28,506,22:45,Sunday,COLLEGE AND BAY,Operations,65,75,E,4555
2021-11-28,511,00:03,Sunday,BATHURST AND HARBORD,Diversion,38,47,S,4595
2021-11-28,501,00:13,Sunday,QUEEN AND BROADVIEW,Security,9,18,E,8464
2021-11-28,504,01:16,Sunday,RONCY AND QUEEN,Mechanical,10,20,S,8318
2021-11-28,501,01:42,Sunday,BATHURST AND RICHMOND,Security,11,31,S,8470
2021-11-29,504,03:07,Monday,DUNDAS WEST STATION,Cleaning - Unsanitary,0,0,,8170
2021-11-29,506,05:29,Monday,LESLIE BARNS,Held By,8,14,E,0
2021-11-29,506,05:35,Monday,RONCESVALLES YARD,Held By,7,9,E,0
2021-11-29,501,05:46,Monday,RUSSELL YARD,Operations,8,12,E,4523
2021-11-29,501,06:17,Monday,GERRARD AND MONROE,Mechanical,10,20,W,8693
2021-11-29,501,06:36,Monday,KING AND DOWLING,Operations,8,16,W,8659
2021-11-29,510,09:14,Monday,SPADINA AND QUEENS QUA,Held By,7,12,N,4595
2021-11-29,501,09:37,Monday,LAKESHORE EAST OF LONG,Security,9,16,E,8074
2021-11-29,505,10:35,Monday,DUNDAS AND UNIVERSITY,Diversion,57,66,,4570
2021-11-29,505,10:37,Monday,DUNDAS AND UNIVERSITY,Diversion,57,66,E,4427
2021-11-29,505,11:38,Monday,LESLIE BARNS,Operations,9,18,E,4463
2021-11-29,504,11:54,Monday,KING AND PORTLAND,Mechanical,35,45,W,4473
2021-11-29,501,12:15,Monday,KING AND PETER,Cleaning - Unsanitary,8,16,E,4523
2021-11-29,,14:00,Monday,LESLIE BARNS,Operations,0,0,,0
2021-11-29,501,15:06,Monday,BROADVIEW AND GERRARD,Operations,9,18,E,0
2021-11-29,501,16:12,Monday,HUMBER LOOP,Operations,9,18,E,0
2021-11-29,501,16:59,Monday,QUEEN AND WOODFIELD,Operations,8,16,E,0
2021-11-29,501,17:43,Monday,QUEEN AND WOODFIELD,Operations,8,16,E,0
2021-11-29,501,17:49,Monday,GERRARD AND ST MATTHEW,Operations,8,16,,8798
2021-11-29,501,18:01,Monday,GERRARD AND BROADVIEW,Operations,9,18,E,0
2021-11-29,505,19:00,Monday,DUNDAS AND YONGE,Held By,149,157,,4414
2021-11-29,506,19:34,Monday,MAIN STREET STATION,Security,5,10,,3206
2021-11-29,501,20:00,Monday,QUEEN AND COXWELL,Operations,8,16,E,0
2021-11-29,506,20:29,Monday,COLLEGE AND LANSDOWNE,Operations,8,16,W,4425
2021-11-29,501,21:55,Monday,QUEEN AND KINGSTON,Security,8,16,E,8868
2021-11-29,506,22:30,Monday,MAIN STATION,Operations,10,20,,3246
2021-11-29,504,23:30,Monday,DUFFERIN AND SPRINGHUR,Operations,6,12,W,4419
2021-11-29,506,23:36,Monday,COLLEGE AND DUFFERIN,Emergency Services,20,28,E,4406
2021-11-29,504,01:31,Monday,DUNDAS AND LYND AVE,Diversion,7,15,E,8179
2021-11-30,504,05:40,Tuesday,RUSSELL YARD,Operations,3,8,W,4541
2021-11-30,504,05:53,Tuesday,BLOOR AND AVENUE,Mechanical,5,10,E,8355
2021-11-30,501,05:56,Tuesday,LAKESHORE AND BROWN'S,Emergency Services,8,16,W,8736
2021-11-30,500,06:00,Tuesday,TORONTO TRANSIT COMMIS,General Delay,0,0,,0
2021-11-30,505,06:22,Tuesday,QUEEN AND CARLAW,Security,0,0,E,4573
2021-11-30,505,07:28,Tuesday,QUEEN AND BROADVIEW,Security,0,0,W,4544
2021-11-30,505,07:52,Tuesday,DUNDAS AND PARLIAMENT,General Delay,8,16,E,4521
2021-11-30,501,10:23,Tuesday,BROADVIEW AND GERRARD,Operations,8,16,W,8835
2021-11-30,501,11:49,Tuesday,QUEEN AND WOODFIELD,Operations,8,16,E,4603
2021-11-30,505,12:15,Tuesday,DUNDAS AND BROADVIEW,Diversion,8,16,W,4530
2021-11-30,503,12:30,Tuesday,QUEEN AND LESLIE,Operations,8,16,E,4527
2021-11-30,505,12:45,Tuesday,DUNDAS AND OSSINGTON,Diversion,8,16,E,4573
2021-11-30,501,13:54,Tuesday,QUEEN AND JAMESON,Mechanical,9,18,E,8019
2021-11-30,503,14:00,Tuesday,QUEEN AND CONNAUGHT,Operations,8,16,W,4489
2021-11-30,505,14:13,Tuesday,QUEEN AND LESLIE,Operations,8,16,W,4558
2021-11-30,504,14:39,Tuesday,WILSON GARAGE,Operations,5,10,,0
2021-11-30,505,14:48,Tuesday,DUNDAS AND PARLIAMENT,General Delay,30,38,E,4487
2021-11-30,501,14:56,Tuesday,QUEEN AND SHERBOURNE,Security,9,18,E,8654
2021-11-30,512,15:11,Tuesday,ST CLAIR STATION,Operations,6,12,,4548
2021-11-30,501,15:22,Tuesday,GERRARD AND BROADVIEW,Operations,9,18,,0
2021-11-30,501,15:39,Tuesday,GERRARD AND BROADVIEW,Operations,9,18,,0
2021-11-30,503,15:41,Tuesday,QUEEN AND CONNAUGHT,Operations,8,16,,4491
2021-11-30,506,16:00,Tuesday,DUNDAS AND SORAUREN,General Delay,15,23,W,4515
2021-11-30,504,16:01,Tuesday,RUSSELL YARD,Operations,4,8,,0
2021-11-30,505,17:10,Tuesday,QUEEN AND LESLIE,Operations,8,16,,4544
2021-11-30,506,17:26,Tuesday,COLLEGE AND LANSDOWNE,Operations,8,16,,4404
2021-11-30,512,17:47,Tuesday,ST CLAIR AND VAUGHAN,Operations,6,12,,4412
2021-11-30,501,17:50,Tuesday,QUEEN AND WOODFIELD,Operations,8,16,,0
2021-11-30,509,18:22,Tuesday,CNE LOOP,Operations,8,16,,4501
2021-11-30,512,18:36,Tuesday,ST CLAIR AND VAUGHAN,Operations,6,12,,4434
2021-11-30,506,18:38,Tuesday,COLLEGE AND LANSDOWNE,Operations,8,16,W,4555
2021-11-30,506,18:38,Tuesday,COLLEGE AND LANSDOWNE,Operations,8,16,,4555
2021-11-30,510,18:44,Tuesday,SPADINA STATION,Security,27,34,,4529
2021-11-30,505,18:49,Tuesday,BROADVIEW AND QUEEN,Operations,8,15,,4452
2021-11-30,504,18:59,Tuesday,KING AND JOHN,Mechanical,6,12,E,4468
2021-11-30,506,19:37,Tuesday,COLLEGE AND LANSDOWNE,Operations,8,16,,4404
2021-11-30,501,20:12,Tuesday,LAKESHORE AND PARKLAWN,Security,10,25,W,8754
2021-11-30,506,20:29,Tuesday,COLLEGE AND LANSDOWNE,Operations,8,16,,4505
2021-11-30,506,20:30,Tuesday,COLLEGE AND LANSDOWNE,Operations,8,16,,4518
2021-11-30,501,21:35,Tuesday,LOWER RIVER ST,Operations,5,10,S,8736
2021-11-30,510,22:14,Tuesday,QUEENS QUAY LOOP,Emergency Services,9,18,,4532
2021-11-30,506,22:26,Tuesday,MAIN STREET STATION,Operations,7,14,,3326
2021-11-30,510,23:10,Tuesday,SPADINA STATION,Emergency Services,9,18,,4460
2021-11-30,510,23:12,Tuesday,SPADINA AND COLLEGE,Diversion,15,24,,0
2021-11-30,501,23:13,Tuesday,GERRARD AND ST MATTHEW,Utilized Off Route,7,14,W,8067
2021-11-30,504,23:30,Tuesday,DISTILLERY LOOP,Operations,6,12,,4502
